Country Name;Country Code;1990;1991;1992;1993;1994;1995;1996;1997;1998;1999;2000;2001;2002;2003;2004;2005;2006;2007;2008;2009;2010;2011;2012;2013;2014;2015;2016
Aruba;ABW;;;;;1330167598;1320670391;1379888268;1531843575;1665363128;1722798883;1873452514;1920262570;1941094972;2021301676;2228279330;2331005587;2421474860;2623726257;2791960894;2498932961;2467703911;2584463687;;;;;
Afghanistan;AFG;;;;;;;;;;;;2461665938;4128820723;4583644246;5285465686;6275073572;7057598407;9843842455;10190529882;12486943506;15936800636;17930239400;20536542737;20046334304;20050189882;19215562179;19469022208
Angola;AGO;10026737968;12118610904;5684291719;5278182971;4059352153;5039552482;7526446606;7648377413;6445041825;6152922943;9129594819;8936063723;12497346670;14188949191;19640848729;28233712831;41789478661;60448921272;84178032716;75492384801;82470913121;1,04116E+11;1,15398E+11;1,24912E+11;1,26777E+11;1,02962E+11;95335111741
Albania;ALB;2101624963;1139166646;709452584;1228071038;1985673798;2424499009;3314898292;2359903108;2707123772;3414760915;3632043908;4060758804;4435078648;5746945913;7314865176;8158548717;8992642349;10701011897;12881352688;12044212904;11926953259;12890867539;12319784787;12776277515;13228244357;11335264967;11863865978
Andorra;AND;1029048482;1106928583;1210013652;1007025755;1017549124;1178738991;1223945357;1180597273;1211932398;1239876305;1434429703;1496912752;1733116883;2398645598;2935659300;3255789081;3543256806;4016972351;4007353157;3660530703;3355695364;3442062830;3164615187;3281585236;3350736367;2811489409;2858517699
Arab World;ARB;4,46877E+11;4,39779E+11;4,71164E+11;4,76514E+11;4,87527E+11;5,2376E+11;5,78231E+11;6,13279E+11;5,91526E+11;6,4389E+11;7,35025E+11;7,23283E+11;7,29052E+11;8,23111E+11;9,63862E+11;1,18466E+12;1,40411E+12;1,63757E+12;2,07812E+12;1,79582E+12;2,10965E+12;2,50155E+12;2,74124E+12;2,83963E+12;2,90662E+12;2,5633E+12;2,5047E+12
United Arab Emirates;ARE;50701443748;51552165622;54239171888;55625170253;59305093980;65743666576;73571233996;78839008445;75674336283;84445473111;1,04337E+11;1,03312E+11;1,09816E+11;1,24346E+11;1,47824E+11;1,80617E+11;2,22117E+11;2,57916E+11;3,15475E+11;2,53547E+11;2,8988E+11;3,50908E+11;3,74818E+11;3,90427E+11;4,03198E+11;3,57949E+11;3,48743E+11
Argentina;ARG;1,41352E+11;1,8972E+11;2,28789E+11;2,36742E+11;2,5744E+11;2,58032E+11;2,7215E+11;2,92859E+11;2,98948E+11;2,83523E+11;2,84204E+11;2,68697E+11;97724004252;1,27587E+11;1,64658E+11;1,98737E+11;2,32557E+11;2,87531E+11;3,61558E+11;3,32976E+11;4,23627E+11;5,30163E+11;5,45982E+11;5,52025E+11;5,2632E+11;5,84711E+11;5,45476E+11
Armenia;ARM;2256838858;2068526522;1272577456;1201313201;1315158670;1468317350;1596968913;1639492424;1893726437;1845482181;1911563665;2118467913;2376335048;2807061009;3576615240;4900469950;6384451606;9206301700;11662040714;8647936748;9260284938;10142111334;10619320049;11121465767;11609512940;10553337673;10572298342
American Samoa;ASM;;;;;;;;;;;;;514000000;527000000;512000000;503000000;496000000;520000000;563000000;678000000;576000000;574000000;644000000;641000000;643000000;659000000;658000000
Antigua and Barbuda;ATG;459469074;481706333;499281148;535172778;589429593;577280741;633730630;680617111;727860593;766198926;830158769;800740257;814615324;855643100;919577143;1022191294;1157005441;1311401319;1368431037;1224253000;1152469074;1142042926;1211411704;1192925407;1280133333;1364863037;1460144704
Australia;AUS;3,11426E+11;3,26069E+11;3,25693E+11;3,12373E+11;3,23217E+11;3,68392E+11;4,01819E+11;4,36098E+11;3,99779E+11;3,89147E+11;4,15446E+11;3,789E+11;3,94636E+11;4,66853E+11;6,1333E+11;6,93764E+11;7,47573E+11;8,53765E+11;1,05533E+12;9,27168E+11;1,14288E+12;1,39056E+12;1,53819E+12;1,56718E+12;1,4596E+12;1,34538E+12;1,20462E+12
Austria;AUT;1,66463E+11;1,73794E+11;1,95078E+11;1,9038E+11;2,03535E+11;2,41038E+11;2,37251E+11;2,1279E+11;2,1826E+11;2,17186E+11;1,968E+11;1,97338E+11;2,13378E+11;2,61696E+11;3,00904E+11;3,15974E+11;3,35999E+11;3,88691E+11;4,30294E+11;4,00172E+11;3,91893E+11;4,3112E+11;4,09425E+11;4,30069E+11;4,41885E+11;3,82066E+11;3,908E+11
Azerbaijan;AZE;8858006036;8792365811;4991350458;3973027397;3313739674;3052467522;3176749593;3962710163;4446396218;4581222442;5272617196;5707720391;6235795104;7276013032;8680472169;13245716099;20983019924;33050343783;48852482960;44291490421;52902703376;65951627200;69684317719;74164435946;75244166773;53074370486;37847715736
Burundi;BDI;1132101253;1167398478;1083037671;938632612;925030590;1000428394;869033856;972896268;893770806;808077223;870486066;876794723;825394490;784654424;915257323;1117257279;1273180597;1356078278;1611634332;1739781489;2026864469;2355652126;2472384907;2714505635;3093647227;3066681387;3007029030
Belgium;BEL;2,06431E+11;2,11638E+11;2,36038E+11;2,25925E+11;2,46195E+11;2,89567E+11;2,81358E+11;2,54814E+11;2,60602E+11;2,60202E+11;2,37905E+11;2,37842E+11;2,5886E+11;3,19003E+11;3,70885E+11;3,87366E+11;4,09813E+11;4,71821E+11;5,18626E+11;4,84553E+11;4,83548E+11;5,27008E+11;4,97884E+11;5,20925E+11;5,31076E+11;4,552E+11;4,67956E+11
Benin;BEN;1959965244;1986437860;1695315306;2274557914;1598075932;2169627251;2361116588;2268301538;2455092582;2689787918;2569186643;2680213931;3054571082;3905366188;4521424807;4803702821;5142380779;5969535132;7132787397;7097198712;6970240895;7814081156;8152554487;9156748441;9707432016;8290986804;8583031398
Burkina Faso;BFA;3101301781;3135045684;2240264712;2332018011;1895290965;2379518099;2586550747;2447669404;2804902724;2993753187;2628920056;2812845514;3205592290;4205691222;4838551100;5462709498;5844669846;6771277871;8369637065;8369175126;8979966766;10724063458;11166063467;11947176342;12377391463;10419303761;11693235542
Bangladesh;BGD;31598341234;30957483291;31708873955;33166520085;33768662171;37939748051;46438482370;48244308275;49984559471;51270569884;53369787319;53991289844;54724081491;60158929188;65108544250;69442943089;71819083684;79611888213;91631278239;1,02478E+11;1,15279E+11;1,28638E+11;1,33356E+11;1,4999E+11;1,72885E+11;1,95079E+11;2,21415E+11
Bulgaria;BGR;20632090909;10943548387;10350515464;10829710145;9697416974;13063422619;10109404160;11195630537;14630974778;13495062850;13148099185;14135393876;16360346654;21074775206;26094622564;29821662537;34304448150;44765733380;54409138498;51884481410;50610031136;57418391042;53903028252;55758744571;56732006512;50199117547;53237882473
Bahrain;BHR;4229787234;4616223404;4751063830;5200265957;5567553457;5849467819;6101861436;6349202394;6183776596;6621010372;9062906915;8976207713;9632155053;11074822074;13150166755;15968726862;18505053191;21730000000;25710877660;22938218085;25713271277;28776595745;30749308511;32539547872;33387712766;31125851064;32179069149
Bahamas, The;BHS;3166000000;3111160000;3109000000;3092000000;3259000000;3429000000;3609000000;4961119000;5353524000;6019972000;6327552000;6516651000;6957996000;6949317000;7094413000;7706222000;7965588000;8318996000;8247000000;7820000000;7910000000;7890000000;10720500000;10677200000;10843800000;11240000000;11261800000
Bosnia and Herzegovina;BIH;;;;;1255802469;1866572954;2786045322;3671816504;4116699437;4685729739;5505984456;5748990666;6651226179;8370020196;10022840635;11225138297;12866524918;15776422673;19112739664;17613836210;17176781337;18644723861;17226849297;18178503835;18558343508;16209702864;16910277134
Belarus;BLR;21650000000;17420000000;17120370370;16286280992;14932192011;13972630804;14756861538;14128412417;15222014828;12138485329;12736856828;12354820144;14594925393;17825436035;23141587718;30210091837;36961821894;45275747861;60763483146;49209523810;57222490769;61757788945;65685102555;75527984234;78813839984;56454734397;47407217531
Belize;BLZ;413050000;444720750;518239100;559858250;580863700;620140400;641383800;654314350;688992450;732732350;832072450;871860600;932551850;990374050;1057845500;1114222550;1217467600;1290573400;1368625150;1336957250;1397113450;1486712300;1573618750;1613705850;1706497950;1742545900;1741100000
Bermuda;BMU;1592400000;1634899968;1679900032;1820359936;1867160064;2030749952;2695390000;2932827000;3130748000;3324433000;3480219000;3680483000;3937228000;4186525000;4484703000;4868136000;5414299000;5895048000;6109928000;5806378000;5744414000;5550771000;5537537000;5573710000;;;
Bolivia;BOL;4867582620;5343274312;5643893347;5734676561;5981244887;6715220507;7396966657;7925673448;8497545598;8285075872;8397912509;8141537938;7905485216;8082364868;8773451739;9549077869;11451869165;13120159976;16674324634;17339992165;19649631308;23963033444;27084497540;30659338929;32996187988;33000198263;33806395514
Brazil;BRA;4,61952E+11;6,0286E+11;4,00599E+11;4,37799E+11;5,58112E+11;7,85643E+11;8,50426E+11;8,83199E+11;8,63723E+11;5,99389E+11;6,55421E+11;5,59373E+11;5,07963E+11;5,5832E+11;6,69316E+11;8,9163E+11;1,10764E+12;1,39708E+12;1,69582E+12;1,66702E+12;2,20887E+12;2,6162E+12;2,46519E+12;2,47281E+12;2,45599E+12;1,80365E+12;1,79619E+12
Barbados;BRB;2023318252;2007109829;1950900000;2046189032;2151295182;2261969870;2411872918;2549296475;2874459305;3012081738;3121500000;3116650000;3169600000;3274850000;3514350000;3897300000;4246600000;4523750000;4607300000;4434050000;4461650000;4660900000;4656350000;4612500000;4608350000;4584150000;4529050000
Brunei Darussalam;BRN;3520551724;3701667053;4183548189;4105706152;4087337960;4734020037;5115602837;5197332974;4051147228;4600000000;6001153306;5601090584;5843329108;6557333085;7872333215;9531402848;11470703002;12247694247;14393099069;10732366286;13707370737;18525319978;19048495519;18093829923;17098342541;12930394938;11400653732
Bhutan;BTN;299787276;250045840;250794360;235239570;270801565;303053463;316420861;365964500;376955087;419035810;439158233;476360697;537050134;622026108;702682019;818869145;897731525;1196091805;1258332337;1264758198;1585472534;1820207626;1823692110;1798333726;1944782821;2059258653;2212638830
Botswana;BWA;3790567052;3942792837;4146513722;4160086253;4259330999;4730611067;4847752843;5020214747;4790458837;5484257417;5788329609;5489608300;5438857107;7511582173;8957467707;9931134941;10126940513;10939053367;10945070442;10267133178;12786654366;15682926896;14686278707;14915780539;16259445053;14430573505;15581137274
Central African Republic;CAF;1440711396;1377375031;1411917558;1278781167;851174351;1115389732;1007791186;937741468;967338349;999477511;914500299;931833303;991387870;1139754799;1270080251;1350301057;1460562038;1698125618;1985239277;1981728141;1986014846;2212699747;2184183758;1518565219;1702898940;1583776760;1756124677
Canada;CAN;5,9393E+11;6,10328E+11;5,92388E+11;5,77171E+11;5,78139E+11;6,04032E+11;6,28546E+11;6,52825E+11;6,31813E+11;6,76083E+11;7,42293E+11;7,3638E+11;7,57951E+11;8,92381E+11;1,0232E+12;1,16936E+12;1,31542E+12;1,46498E+12;1,54913E+12;1,37115E+12;1,61346E+12;1,78865E+12;1,82429E+12;1,84263E+12;1,79288E+12;1,55281E+12;1,52976E+12
Central Europe and the Baltics;CEB;2,56391E+11;2,42845E+11;2,6007E+11;2,74193E+11;3,11016E+11;3,86484E+11;4,12962E+11;4,09178E+11;4,47675E+11;4,34159E+11;4,27826E+11;4,68434E+11;5,27516E+11;6,34885E+11;7,6301E+11;8,86485E+11;1,00269E+12;1,26202E+12;1,52416E+12;1,28158E+12;1,31382E+12;1,44682E+12;1,35135E+12;1,42242E+12;1,46336E+12;1,28557E+12;1,31216E+12
Switzerland;CHE;2,58067E+11;2,61114E+11;2,71814E+11;2,64353E+11;2,92647E+11;3,42617E+11;3,30092E+11;2,86519E+11;2,95045E+11;2,89912E+11;2,72055E+11;2,78631E+11;3,01417E+11;3,52915E+11;3,94164E+11;4,08689E+11;4,30921E+11;4,79913E+11;5,54363E+11;5,41507E+11;5,83783E+11;6,9958E+11;6,68044E+11;6,88504E+11;7,09183E+11;6,79289E+11;6,68851E+11
Channel Islands;CHI;;;;;;;;;5945677377;6262740657;6439703435;6232906290;6663669065;7332244898;8553643354;8827272727;9676172953;11514605842;;;;;;;;;
Chile;CHL;33113887818;37834793730;45964327559;49297773130;57008425296;73447063319;78039572222;84952360922;81577430181;75173794497;77860932152;70979923960;69736811435;75643459840;99210392858;1,22965E+11;1,54788E+11;1,73606E+11;1,79638E+11;1,72389E+11;2,18538E+11;2,52252E+11;2,67122E+11;2,78384E+11;2,6099E+11;2,42518E+11;2,47028E+11
China;CHN;3,60858E+11;3,83373E+11;4,26916E+11;4,44731E+11;5,64325E+11;7,34548E+11;8,63747E+11;9,61604E+11;1,02904E+12;1,094E+12;1,21135E+12;1,3394E+12;1,47055E+12;1,66029E+12;1,95535E+12;2,28597E+12;2,75213E+12;3,55218E+12;4,59821E+12;5,10995E+12;6,10062E+12;7,57255E+12;8,56055E+12;9,60722E+12;1,04824E+13;1,10647E+13;1,11991E+13
Cote d'Ivoire;CIV;10795850107;10492628915;11152971316;11045759469;8313557450;11000146839;12139234939;11722142706;12612033729;12376639823;10717022463;11192560827;12346919216;15306602560;16554441847;17084928927;17800887796;20343635320;24224903100;24277493862;24884505035;25381616734;27040562587;31273049200;35372603446;33145096414;36372613023
Cameroon;CMR;11151578051;12434370005;11396310990;15498179313;10600157684;9643953175;10513387442;10833497458;10612847429;11198378749;10083937740;10371327756;11579343088;14548845765;17430933517;17944084201;19356046328;22365265026;26409781215;26017925552;26143818510;29337006833;29104437355;32348149947;34942948737;30916218544;32217497470
Congo, Dem. Rep.;COD;9349764580;9087965282;8206227134;10707792340;5820383306;5643439262;5771454940;6090840548;6215591270;4711259427;19088046306;7438189100;8728038525;8937567060;10297483481;11964484668;14296507096;16364029327;19206060270;;20523285374;23849009738;27463220380;30014813756;34028119333;36188521107;31930856402
Congo, Rep.;COG;2798746051;2724853508;2933222706;1918970178;1769365439;2116003868;2540697538;2322719101;1949481381;2353909442;3219910666;2794259783;3019993739;3495868808;4648628921;6087003176;7731261311;8394688284;11859013281;9593537551;12007880439;14425607180;13677930124;14085851348;14177437982;8553154580;7833508879
Colombia;COL;40274204595;41239551378;49279585355;55802538219;81703500846;92507279383;97160109278;1,0666E+11;98443739941;86186158685;99886577331;98203546156;97933391976;94684584163;1,17075E+11;1,46566E+11;1,6259E+11;2,07416E+11;2,43982E+11;2,33822E+11;2,87018E+11;3,35415E+11;3,6966E+11;3,80192E+11;3,78196E+11;2,9152E+11;2,82463E+11
Comoros;COM;250030761;246823429;266191040;263568114;185761823;231896230;230495751;212099635;215394066;222580454;203846428;220093812;246737679;317562269;368143119;380372893;406111874;462453583;523134897;524157261;530493353;586281767;570865941;618663922;647720707;565689765;616654490
Cabo Verde;CPV;306891107;319827059;357160985;490417390;406580652;487148994;501979069;490608658;521910561;592416703;539227278;563024383;620974660;813963830;924318491;971977088;1107891063;1513934037;1789333749;1711817182;1664310770;1864824081;1751888562;1850951315;1858121723;1574288668;1617467436
Costa Rica;CRI;7403457319;7168999428;8528593084;9537297507;10432619390;11513472694;11618286553;12552071367;13617405420;14195623425;14949514585;15913363335;16504795453;17195867540;18529767934;19952156475;22600431878;26743874287;30612932803;30562361123;37268635287;42262697840;46473128286;49745088112;50656002896;54840103850;57435507212
Caribbean small states;CSS;17884432805;17668489746;17396950391;18254627214;19289605583;21134854978;23041792540;25732097913;28249856028;30022320518;32256663838;33176931054;34949444323;37500825974;41178984265;46656114032;52416498943;58371461971;66596542818;55887477076;60945499584;66197591877;70647852493;71284814648;71392784817;69516216247;66707362091
Cuba;CUB;28645436569;24316556026;22085858243;22367254865;28448326757;30429803651;25017300000;25366200000;25736331247;28364615242;30565400000;31682400000;33590500000;35901200000;38203000000;42643836075;52742800000;58603900000;60806300000;62080000000;64328000000;68990000000;73141000000;77148000000;80656100000;87132800000;
Curacao;CUW;;;;;;;;;;;;;;;;;;;;;;;;;;;
Cayman Islands;CYM;;;;;;;1012444074;;;;;;;;;;3207032513;;;;;;;;;;
Cyprus;CYP;5591130218;5770197348;6912150456;6590291048;7425703929;9826778784;9899623588;9594298746;10353506787;10614455232;10183317625;10567304189;11618269231;14576896942;17422375000;18703146375;20403713461;24077470572;27839460964;25942622951;25562251656;27427161523;25041372222;24084572491;23359294149;19676167240;20047013274
Czech Republic;CZE;40477403220;29675502270;34590052812;40614350197;47554674591;59775697061;66985765439;61792161168;66490372105;64867483193;61649492817;67523642262;81910771994;99627140274;1,19162E+11;1,36281E+11;1,55464E+11;1,89227E+11;2,35719E+11;2,0618E+11;2,07478E+11;2,27948E+11;2,07376E+11;2,09402E+11;2,07818E+11;1,8683E+11;1,95305E+11
Germany;DEU;1,76497E+12;1,86187E+12;2,12313E+12;2,06856E+12;2,20597E+12;2,59162E+12;2,50367E+12;2,21869E+12;2,24323E+12;2,19996E+12;1,94995E+12;1,95065E+12;2,07914E+12;2,50573E+12;2,81925E+12;2,86141E+12;3,00245E+12;3,43995E+12;3,75237E+12;3,41801E+12;3,41709E+12;3,7577E+12;3,54398E+12;3,75251E+12;3,89061E+12;3,37561E+12;3,4778E+12
Djibouti;DJI;452328087;462421999;478058305;466048469;491689221;497723961;494004648;502675542;514267869;536080148;551230862;572417441;591122040;622044666;666072102;708633195;768873684;847918929;999105339;1049110685;1128611700;1239144502;1353632942;1455000000;1588000000;1727000000;
Dominica;DMA;166322222;180437037;191759259;200418519;215459259;224037037;236444444;245781481;258440741;267740741;335845815;343119370;337695741;350091222;374771481;370370370;390370370;421375852;458190185;489074333;493824407;501025303;485997988;501979277;523666347;535095846;581484032
Denmark;DNK;1,38247E+11;1,39225E+11;1,52916E+11;1,43196E+11;1,56162E+11;1,85007E+11;1,87632E+11;1,73538E+11;1,76992E+11;1,77965E+11;1,64159E+11;1,64791E+11;1,78635E+11;2,18096E+11;2,51373E+11;2,64467E+11;2,82885E+11;3,19423E+11;3,53361E+11;3,21241E+11;3,21995E+11;3,44003E+11;3,27149E+11;3,43584E+11;3,52994E+11;3,01298E+11;3,069E+11
Dominican Republic;DOM;7073674721;9724402004;11277676880;12976408000;14511134921;16358496124;18131813001;19593869595;21171523985;21709726722;23996063503;24892521237;26571620979;21277165886;22039232610;34004033804;35952845583;44169678153;48288967303;48376555306;53954579004;57746684847;60613645121;61965942057;65231032303;68102618092;71583553488
Algeria;DZA;62045099643;45715367087;48003298223;49946455211;42542571306;41764052458;46941496780;48177862502;48187747529;48640574567;54790245601;54744714396;56760288974;67863829880;85324998814;1,03198E+11;1,17027E+11;1,34977E+11;1,71001E+11;1,37211E+11;1,61207E+11;2,00019E+11;2,09059E+11;2,09755E+11;2,1381E+11;1,65874E+11;1,59049E+11
East Asia & Pacific (excluding high income);EAP;6,69863E+11;7,27077E+11;8,14593E+11;8,95435E+11;1,07628E+12;1,32735E+12;1,52428E+12;1,57756E+12;1,43922E+12;1,58543E+12;1,74577E+12;1,85646E+12;2,05587E+12;2,32784E+12;2,69813E+12;3,12426E+12;3,76369E+12;4,75841E+12;6,02092E+12;6,53155E+12;7,87933E+12;9,6307E+12;1,07442E+13;1,18608E+13;1,27541E+13;1,32682E+13;1,35124E+13
Early-demographic dividend;EAR;1,8199E+12;1,92892E+12;2,11636E+12;2,32286E+12;2,43216E+12;2,48255E+12;2,70949E+12;2,89319E+12;2,8463E+12;3,01987E+12;3,27588E+12;3,23501E+12;3,14422E+12;3,51615E+12;4,09011E+12;4,76762E+12;5,4623E+12;6,48882E+12;7,3175E+12;7,04591E+12;8,51432E+12;9,56493E+12;9,97441E+12;1,01607E+13;1,05299E+13;1,0195E+13;1,0402E+13
East Asia & Pacific;EAS;4,747E+12;5,34505E+12;5,83576E+12;6,55248E+12;7,31362E+12;8,31031E+12;8,00859E+12;7,66299E+12;6,86396E+12;7,66532E+12;8,29188E+12;7,71293E+12;7,83707E+12;8,61738E+12;9,66371E+12;1,03113E+13;1,09397E+13;1,2237E+13;1,41341E+13;1,45645E+13;1,69388E+13;1,96387E+13;2,10191E+13;2,12625E+13;2,19E+13;2,17669E+13;2,24804E+13
Europe & Central Asia (excluding high income);ECA;9,60439E+11;9,26765E+11;8,53278E+11;8,38261E+11;7,27687E+11;7,76931E+11;7,87852E+11;8,20132E+11;7,71872E+11;6,5045E+11;7,20049E+11;7,17063E+11;8,20431E+11;1,03751E+12;1,3676E+12;1,72646E+12;2,11432E+12;2,72765E+12;3,37233E+12;2,65525E+12;3,15626E+12;3,89187E+12;4,11101E+12;4,36924E+12;4,07885E+12;3,12118E+12;2,99182E+12
Europe & Central Asia;ECS;8,8394E+12;9,11985E+12;9,7818E+12;8,98961E+12;9,40228E+12;1,08452E+13;1,10727E+13;1,05063E+13;1,07659E+13;1,06431E+13;1,00253E+13;1,01225E+13;1,1074E+13;1,3489E+13;1,57226E+13;1,67478E+13;1,81281E+13;2,11788E+13;2,3242E+13;2,04432E+13;2,09247E+13;2,31826E+13;2,23407E+13;2,33492E+13;2,36547E+13;2,03646E+13;2,02738E+13
Ecuador;ECU;15239278100;16988535268;18094238119;18938717359;22708673337;24432884442;25226393197;28162053027;27981896948;19645272636;18327764882;24468324000;28548945000;32432859000;36591661000;41507085000;46802044000;51007777000;61762635000;62519686000;69555367000;79276664000;87924544000;95129659000;1,01726E+11;99290381000;98613972000
Egypt, Arab Rep.;EGY;43130416913;36970555899;41855986519;46578631453;51897983393;60159245060;67629716981;78436578171;84828807556;90710704807;99838543960;97632008710;87850683979;82924503943;78845185293;89685725230;1,07484E+11;1,30479E+11;1,62818E+11;1,88982E+11;2,18888E+11;2,36002E+11;2,79373E+11;2,88586E+11;3,0553E+11;3,32698E+11;3,32791E+11
Euro area;EMU;5,8721E+12;6,10496E+12;6,73538E+12;6,16913E+12;6,51601E+12;7,5207E+12;7,61227E+12;6,95996E+12;7,15157E+12;7,11959E+12;6,48733E+12;6,59363E+12;7,17401E+12;8,85157E+12;1,01529E+13;1,05366E+13;1,1186E+13;1,28795E+13;1,41182E+13;1,29086E+13;1,26453E+13;1,36233E+13;1,26395E+13;1,31908E+13;1,34765E+13;1,16619E+13;1,19341E+13
Eritrea;ERI;;;477101652;467872715;531688312;578015625;693535954;686490090;745526155;688921326;706370816;752368496;729321367;870247703;1109054005;1098425901;1211161880;1317974491;1380188800;1856695551;2117039512;2607739837;;;;;
Spain;ESP;5,35101E+11;5,75599E+11;6,29202E+11;5,23649E+11;5,29122E+11;6,1294E+11;6,40998E+11;5,88692E+11;6,17042E+11;6,33194E+11;5,95403E+11;6,25976E+11;7,05146E+11;9,06853E+11;1,06956E+12;1,15728E+12;1,26455E+12;1,47934E+12;1,63502E+12;1,4991E+12;1,43162E+12;1,48807E+12;1,33602E+12;1,36185E+12;1,37691E+12;1,19779E+12;1,23726E+12
Estonia;EST;;;;;;4373665146;4746109767;5066240419;5617109245;5726897998;5685774809;6245069734;7322069511;9833870709;12059201242;14006088297;16963625016;22237061730;24194039256;19652492637;19490936349;23170239901;23043864510;25137153149;26224622451;22566956982;23337907619
Ethiopia;ETH;12175166763;13463868357;10492993078;8830712714;6927950565;7663984568;8547939731;8589211390;7818224906;7700833482;8242392104;8231326016;7850809498;8623691300;10131187261;12401139454;15280861835;19707616773;27066912635;32437389116;29933790334;31952763089;43310721414;47648211133;55612228234;64464547915;72374224249
European Union;EUU;7,57912E+12;7,86571E+12;8,57112E+12;7,81548E+12;8,29916E+12;9,62642E+12;9,84135E+12;9,28952E+12;9,60557E+12;9,59085E+12;8,91244E+12;9,00986E+12;9,82271E+12;1,19572E+13;1,38067E+13;1,44412E+13;1,54054E+13;1,77958E+13;1,91367E+13;1,71015E+13;1,69927E+13;1,83526E+13;1,72902E+13;1,80269E+13;1,86324E+13;1,64107E+13;1,64873E+13
Fragile and conflict affected situations;FCS;;;;;;;;;;;2,16612E+11;1,99205E+11;1,94032E+11;2,20476E+11;2,54384E+11;3,08822E+11;3,64922E+11;4,48717E+11;5,79391E+11;5,39488E+11;6,43371E+11;7,00476E+11;7,56983E+11;8,10325E+11;8,52106E+11;7,70044E+11;7,44251E+11
Finland;FIN;1,41518E+11;1,27866E+11;1,12625E+11;89255751015;1,03322E+11;1,34199E+11;1,32099E+11;1,26833E+11;1,33936E+11;1,35226E+11;1,2554E+11;1,2925E+11;1,39553E+11;1,71071E+11;1,96768E+11;2,04436E+11;2,16553E+11;2,55385E+11;2,83742E+11;2,51499E+11;2,478E+11;2,73674E+11;2,56706E+11;2,6998E+11;2,72609E+11;2,32439E+11;2,38503E+11
Fiji;FJI;1337024782;1383843860;1531803061;1635426125;1825285158;1970347721;2129266728;2093994597;1656784780;1942170999;1684109743;1660102346;1842691481;2315935753;2727507213;3006725015;3102741451;3405050612;3523185920;2870624636;3140508836;3774530616;3972012571;4190143206;4469573275;4391113415;4703632978
France;FRA;1,2753E+12;1,27556E+12;1,40872E+12;1,33009E+12;1,40164E+12;1,60989E+12;1,61425E+12;1,46071E+12;1,51076E+12;1,50028E+12;1,36844E+12;1,38222E+12;1,50034E+12;1,84812E+12;2,12411E+12;2,20368E+12;2,32501E+12;2,66311E+12;2,92347E+12;2,69383E+12;2,64684E+12;2,86268E+12;2,68142E+12;2,80851E+12;2,84931E+12;2,43356E+12;2,46545E+12
Faroe Islands;FRO;;;;;;;;;1105688873;1125684470;1062339944;1154899793;1268445919;1486861879;1683997930;1730894295;1970135199;2278229880;2413251996;2257083699;2301168187;2468754075;2356495468;2613464380;2810547884;2476746087;
Micronesia, Fed. Sts.;FSM;147200000;166200000;178100000;198400000;202500000;222103600;218845700;206900300;219646200;220660500;233226300;240051900;241543400;245277400;240097000;250149400;253372300;256548100;262868600;279966700;296525300;310502100;326128700;316040600;317999400;315179700;329895600
Gabon;GAB;5952293766;5402919957;5592390849;4378645081;4190819314;4958845906;5694040337;5326816859;4483417120;4662992036;5067865321;5018874179;5310381151;6497305662;7756293575;9578973591;10318424464;12438956756;15508574820;12065138273;14358585196;18186479173;17171446922;17590745689;18179717776;14262032471;14213558130
United Kingdom;GBR;1,09317E+12;1,1428E+12;1,17966E+12;1,06139E+12;1,14049E+12;1,33522E+12;1,40878E+12;1,55248E+12;1,63851E+12;1,66562E+12;1,64795E+12;1,62151E+12;1,76841E+12;2,0384E+12;2,39856E+12;2,5207E+12;2,69261E+12;3,07436E+12;2,89056E+12;2,38283E+12;2,44117E+12;2,6197E+12;2,66209E+12;2,73982E+12;3,02283E+12;2,88557E+12;2,6479E+12
Georgia;GEO;7753501868;6357615894;3690328964;2701181331;2513870587;2693731866;3094915506;3510540809;3613500117;2800024314;3057453483;3219487825;3395778674;3991374549;5125273881;6410941013;7745406201;10172869680;12795044473;10766809099;11638536834;14434619982;15846474596;16140047012;16509305828;13993546732;14378016729
Ghana;GHA;5889174834;6596546196;6413901602;5966255778;5444560669;6465137615;6934984709;6891308594;7480968858;7719354839;4983024408;5314909954;6166330136;7632406553;8881368538;10731634117;20409257610;24758819718;28526891010;25977847814;32174772956;39566292433;41939728979;47805069495;38616536132;37543361204;42689783734
Gibraltar;GIB;;;;;;;;;;;;;;;;;;;;;;;;;;;
Guinea;GIN;2666616177;3014890569;3284625277;3279063318;3383218923;3693753379;3869032271;3783788551;3588376057;3461282294;2995360969;2833442750;2949637039;3446442219;3666349049;2937071767;4220053411;6281695536;6963961726;6716817572;6861546076;6785188889;7387103675;8376667793;8791353805;8767143623;8200248003
Gambia, The;GMB;317083374;690314321;714255461;755042548;746491693;785996982;848237109;803630743;840285265;814723460;782915402;687408805;578236035;487038822;578785279;624174724;655068696;798870876;965769127;900628062;951804227;898283478;910026287;898957683;833240810;907652510;964599178
Guinea-Bissau;GNB;243961996;257150573;226313493;236880814;235619995;253966920;270419779;268551011;206457553;224446652;370173852;392278168;415843482;476388261;531109356;586791884;591829908;695606289;864136713;825828704;850633310;1099385895;989875559;1046117071;1055186196;1036130507;1164944510
Equatorial Guinea;GNQ;112119407;110906032;134707184;136047896;100807002;141853368;232463036;442337849;370687619;621117886;1045998496;1461139022;1806742742;2484745935;4410764339;8217369093;10086528699;13071718759;19749893536;15027795173;16298542028;21329395901;22389627294;21942597765;21736500713;12597210658;10684804794
Greece;GRC;97891090929;1,05143E+11;1,16225E+11;1,08809E+11;1,16602E+11;1,36878E+11;1,45862E+11;1,43158E+11;1,44428E+11;1,42541E+11;1,30134E+11;1,36191E+11;1,53831E+11;2,01924E+11;2,40521E+11;2,47783E+11;2,73318E+11;3,18498E+11;3,54461E+11;3,3E+11;2,99362E+11;2,87798E+11;2,45671E+11;2,39862E+11;2,3703E+11;1,95542E+11;1,92691E+11
Grenada;GRD;278098778;300757889;310160444;309812185;325111815;342172519;366911444;392190593;445903593;482009370;520044370;520444185;540336926;591018407;599118593;695370296;698700656;758683599;825977889;771278111;771015889;778648667;799882148;842620111;911481481;997007926;1056188593
Greenland;GRL;1018970365;1016493395;1037921837;927219729;1005879948;1208946166;1197509787;1072147778;1149862703;1131561595;1068030830;1086172923;1169138789;1407866175;1621822370;1656172356;1818759669;2049139372;2310743218;2324870824;2306502374;2515245776;2408666379;2483396542;2551126949;2220380802;
Guatemala;GTM;7650125217;9406097735;10440842165;11399942453;12983235568;14655487456;15674852771;17790095901;19395461990;18318512501;19288926545;18702802395;20776669467;21917706491;23965275996;27211377225;30231249362;34113107086;39136893345;37733994976;41338595381;47654841113;50388454861;53851058955;58722323918;63767597194;68763255964
Guam;GUM;;;;;;;;;;;;;3385000000;3560000000;3857000000;4197000000;4213000000;4375000000;4621000000;4781000000;4895000000;4928000000;5199000000;5337000000;5531000000;5697000000;5793000000
Guyana;GUY;396582263;336708419;368281379;442273433;540874934;621626786;705406001;749138010;717530683;694754988;712667897;696281472;722460886;741929343;785918770;824880550;1458449453;1740334782;1922598121;2061323854;2273225042;2576024116;2861562266;2987684170;3077643314;3197225182;3502397094
High income;HIC;1,89047E+13;1,99932E+13;2,15113E+13;2,1708E+13;2,32677E+13;2,58394E+13;2,60703E+13;2,56416E+13;2,57265E+13;2,70265E+13;2,75856E+13;2,73178E+13;2,84735E+13;3,19231E+13;3,55322E+13;3,75749E+13;3,96547E+13;4,33382E+13;4,60304E+13;4,31407E+13;4,52068E+13;4,87797E+13;4,88146E+13;4,93463E+13;5,03624E+13;4,75775E+13;4,85575E+13
Hong Kong SAR, China;HKG;76928290842;88959620136;1,04272E+11;1,20354E+11;1,35812E+11;1,44653E+11;1,59717E+11;1,77353E+11;1,68886E+11;1,65768E+11;1,71668E+11;1,69403E+11;1,66349E+11;1,61385E+11;1,691E+11;1,8157E+11;1,93536E+11;2,11597E+11;2,1928E+11;2,14046E+11;2,28638E+11;2,48514E+11;2,62629E+11;2,75697E+11;2,91459E+11;3,09404E+11;3,20914E+11
Honduras;HND;3048881323;3068444712;3419487441;3481990761;3432356579;3911053180;4034037162;4663193916;5202215657;5372543554;7103529494;7565869928;7775078403;8140271081;8772194250;9672035709;10841742348;12275501784;13789715133;14587496229;15839344592;17710315006;18528506894;18496438641;19756494435;20844284855;21516938910
Heavily indebted poor countries (HIPC);HPC;1,29333E+11;1,33035E+11;1,21554E+11;1,25717E+11;1,11543E+11;1,26834E+11;1,32656E+11;1,39379E+11;1,43541E+11;1,43471E+11;1,55564E+11;1,47866E+11;1,60612E+11;1,82909E+11;2,10715E+11;2,4304E+11;2,91439E+11;3,47725E+11;4,19658E+11;4,23821E+11;4,67852E+11;5,22236E+11;5,62429E+11;6,10042E+11;6,478E+11;6,38733E+11;6,48289E+11
Croatia;HRV;;;;;;22387561845;23678012697;23822087053;25432144406;23386945597;21774273832;23289671102;26878499206;34658113497;41574530816;45416358502;50453577898;60093155533;70481451814;62703095751;59665427465;62236751773;56485301967;57769872075;57080369368;48921877448;50714957391
Haiti;HTI;;3473562850;2257129874;1878253818;2167569095;2813313282;2907517543;3338949152;3723903724;4153725967;3953839594;3596448035;3472194099;2960306121;3537721020;4310356253;4756204070;5885321656;6548530572;6584649419;6622541529;7516834160;7890216508;8452509316;8776360623;8724656126;8022638722
Hungary;HUN;;34748508332;38724945368;40119073326;43160392124;46418916500;46659796773;47290180589;48770466839;49170434391;47310623887;53821315066;67716887203;85324771841;1,04067E+11;1,13035E+11;1,15295E+11;1,39851E+11;1,57998E+11;1,30594E+11;1,30923E+11;1,40782E+11;1,27857E+11;1,35216E+11;1,40118E+11;1,22879E+11;1,25817E+11
IBRD only;IBD;3,45059E+12;3,71894E+12;3,70454E+12;3,97607E+12;4,3554E+12;4,89036E+12;5,33708E+12;5,64728E+12;5,47989E+12;5,32579E+12;5,78718E+12;5,86414E+12;5,95757E+12;6,72824E+12;8,00968E+12;9,57486E+12;1,1353E+13;1,4129E+13;1,6969E+13;1,64776E+13;1,99739E+13;2,36194E+13;2,50546E+13;2,65102E+13;2,73966E+13;2,58543E+13;2,59815E+13
IDA & IBRD total;IBT;3,76026E+12;4,03582E+12;4,01228E+12;4,27599E+12;4,64332E+12;5,22323E+12;5,70393E+12;6,02668E+12;5,85726E+12;5,71175E+12;6,213E+12;6,2791E+12;6,40216E+12;7,23172E+12;8,59568E+12;1,02526E+13;1,21713E+13;1,50858E+13;1,81195E+13;1,76075E+13;2,14255E+13;2,52679E+13;2,68315E+13;2,84407E+13;2,94825E+13;2,78767E+13;2,79728E+13
IDA total;IDA;3,11501E+11;3,18111E+11;3,08723E+11;3,00031E+11;2,86508E+11;3,31654E+11;3,65671E+11;3,77798E+11;3,7618E+11;3,85587E+11;4,2568E+11;4,14567E+11;4,44398E+11;5,03275E+11;5,85636E+11;6,76966E+11;8,17667E+11;9,55193E+11;1,1485E+12;1,12876E+12;1,4551E+12;1,64971E+12;1,77931E+12;1,93538E+12;2,09467E+12;2,03203E+12;1,99981E+12
IDA blend;IDB;1,24491E+11;1,28063E+11;1,29439E+11;1,19431E+11;1,19279E+11;1,40582E+11;1,56518E+11;1,58319E+11;1,51437E+11;1,57758E+11;1,75671E+11;1,69638E+11;1,84391E+11;2,10309E+11;2,54107E+11;2,98966E+11;3,77892E+11;4,32494E+11;5,15331E+11;4,79917E+11;7,07234E+11;8,10783E+11;8,91826E+11;9,69504E+11;1,05262E+12;9,84508E+11;9,23606E+11
Indonesia;IDN;1,13011E+11;1,24171E+11;1,36314E+11;1,68234E+11;1,88342E+11;2,15215E+11;2,42086E+11;2,29714E+11;1,01623E+11;1,49063E+11;1,75702E+11;1,70832E+11;2,08325E+11;2,49968E+11;2,73461E+11;3,04372E+11;3,88168E+11;4,60193E+11;5,43254E+11;5,74505E+11;7,55094E+11;8,92969E+11;9,1787E+11;9,12524E+11;8,90815E+11;8,61256E+11;9,32259E+11
IDA only;IDX;1,87636E+11;1,90583E+11;1,79339E+11;1,81205E+11;1,6744E+11;1,91139E+11;2,09101E+11;2,1971E+11;2,25492E+11;2,28385E+11;2,50497E+11;2,45457E+11;2,60506E+11;2,93491E+11;3,31891E+11;3,7828E+11;4,39667E+11;5,2281E+11;6,33846E+11;6,52749E+11;7,42077E+11;8,31577E+11;8,77953E+11;9,55564E+11;1,0306E+12;1,03955E+12;1,07279E+12
Isle of Man;IMN;;;;;;914727081;1023086919;1180919719;1382548250;1567465657;1563667800;1614595291;1897606791;2264911807;2758117365;2971167185;3344402193;5685988395;5827468750;5487083658;5920177689;6142169524;6433357030;6754330155;7428280402;6792417112;
India;IND;3,16697E+11;2,66502E+11;2,84364E+11;2,7557E+11;3,2291E+11;3,55476E+11;3,87656E+11;4,1032E+11;4,15731E+11;4,527E+11;4,62147E+11;4,78965E+11;5,08069E+11;5,99593E+11;6,99689E+11;8,08901E+11;9,20317E+11;1,20111E+12;1,18695E+12;1,32394E+12;1,65662E+12;1,82305E+12;1,82764E+12;1,85672E+12;2,03539E+12;2,08987E+12;2,26379E+12
Not classified;INX;;;;;;;;;;;;;;;;;;;;;;;;;;;
Ireland;IRL;49364680083;49847127266;55985505159;52480251890;57166035689;69222624495;75880630040;82826141714;90082029831;98691939591;99853528745;1,09134E+11;1,27945E+11;1,64285E+11;1,9387E+11;2,11651E+11;2,32086E+11;2,69918E+11;2,7502E+11;2,36311E+11;2,21951E+11;2,39019E+11;2,25572E+11;2,39389E+11;2,58099E+11;2,90617E+11;3,04819E+11
Iran, Islamic Rep.;IRN;1,24813E+11;;;63743623232;71841461173;96419225744;1,20404E+11;1,13919E+11;1,10277E+11;1,13848E+11;1,09592E+11;1,26879E+11;1,28627E+11;1,53545E+11;1,90043E+11;2,26452E+11;2,66299E+11;3,49882E+11;4,06071E+11;4,14059E+11;4,8707E+11;5,835E+11;5,98853E+11;4,67415E+11;4,34475E+11;3,85874E+11;4,18977E+11
Iraq;IRQ;1,79886E+11;;;;;;;;;;;;;;36627901762;49954890353;65140293688;88840050497;1,31614E+11;1,11661E+11;1,38517E+11;1,8575E+11;2,18001E+11;2,34648E+11;2,34648E+11;1,7964E+11;1,71489E+11
Iceland;ISL;6521544489;6966138526;7138787995;6269347503;6441621298;7181787874;7501950116;7596126046;8468339856;8931365461;8946079678;8146073990;9199643908;11304084267;13703315349;16691213479;17043245939;21295012099;17640375722;12887072301;13254818331;14674650435;14218575093;15479256845;17178962757;16783714958;20047413006
Israel;ISR;58986997917;67530220219;75575902932;75954641355;86307135997;1,00343E+11;1,09957E+11;1,14725E+11;1,15979E+11;1,1719E+11;1,32339E+11;1,30706E+11;1,21069E+11;1,26865E+11;1,35445E+11;1,42463E+11;1,53967E+11;1,78707E+11;2,1584E+11;2,07419E+11;2,3361E+11;2,61629E+11;2,57297E+11;2,92489E+11;3,08417E+11;2,99096E+11;3,17745E+11
Italy;ITA;1,17733E+12;1,24211E+12;1,31581E+12;1,06145E+12;1,09559E+12;1,17079E+12;1,30893E+12;1,23905E+12;1,26631E+12;1,24856E+12;1,14176E+12;1,16232E+12;1,26651E+12;1,56965E+12;1,79831E+12;1,85266E+12;1,94263E+12;2,20305E+12;2,39073E+12;2,18516E+12;2,12506E+12;2,27629E+12;2,07282E+12;2,13049E+12;2,15173E+12;1,83235E+12;1,85891E+12
Jamaica;JAM;4592224067;4071219198;3530892749;4859766161;4907861406;5779285208;6504445801;7450324787;8718300136;8795765306;8929375580;9087918837;9694161516;9399452788;10150978155;11204416000;11905525197;12824094990;13678606692;12038829246;13191645686;14439910353;14800165407;14274983016;13897723431;14186886643;14056908749
Jordan;JOR;4160003917;4344250257;5311329067;5605841536;6237739516;6727446632;6928359238;7246188575;7912327362;8149106065;8460424401;8975689845;9582453032;10195660790;11411390409;12588665303;15056929760;17110587447;21972004086;23820230000;26425379437;28840263380;30937277606;33593843662;35826925775;37517410282;38654727746
Japan;JPN;3,13997E+12;3,57814E+12;3,89783E+12;4,46657E+12;4,90704E+12;5,44912E+12;4,83371E+12;4,41473E+12;4,03251E+12;4,56208E+12;4,88752E+12;4,30354E+12;4,11512E+12;4,44566E+12;4,81515E+12;4,75541E+12;4,53038E+12;4,51526E+12;5,03791E+12;5,23138E+12;5,7001E+12;6,15746E+12;6,20321E+12;5,15572E+12;4,84873E+12;4,38308E+12;4,94016E+12
Kazakhstan;KAZ;26932728899;24881135586;24906939560;23409027476;21250839258;20374307047;21035357833;22165932063;22135245413;16870817135;18291990619;22152694162;24636593223;30833699703;43151647003;57123671734;81003884545;1,0485E+11;1,33442E+11;1,15309E+11;1,48047E+11;1,92627E+11;2,07999E+11;2,36635E+11;2,21416E+11;1,84388E+11;1,37278E+11
Kenya;KEN;8572359163;8151479004;8209129172;5751789915;7148145376;9046326060;12045858436;13115773738;14093998844;12896013577;12705357103;12986007426;13147743911;14904517650;16095337094;18737897745;25825524821;31958195182;35895153328;37021512049;39999659234;41953433591;50412754822;55097343448;61445345999;63767539357;70529014778
Kyrgyz Republic;KGZ;2674000000;2570833333;2316562500;2028295455;1681006993;1661018519;1827570586;1767864036;1645963750;1249062025;1369693171;1525112242;1605640633;1919012781;2211535312;2460248026;2834168889;3802566171;5139957785;4690062255;4794357795;6197766119;6605139933;7335027592;7468096567;6678178340;6551287938
Cambodia;KHM;;;;2533727592;2791435272;3441205693;3506695720;3443413389;3120425503;3517242477;3654031716;3984000517;4284028483;4658246918;5337833248;6293046162;7274595707;8639235842;10351914093;10401851851;11242275199;12829541141;14038383450;15449630419;16777820333;18049954289;20016747754
Kiribati;KIR;39809539;47515189;47737955;46919625;54832578;56338028;66515377;67537480;65334841;69032258;67254174;63101272;72196458;90231857;102367039;112133944;108545633;130754916;139125482;130465372;153275913;177142135;188045662;187153601;178869341;169140539;181551485
St. Kitts and Nevis;KNA;208740444;209880963;229434519;249676000;277567259;299699667;318742963;357237682;364975457;389984429;420515108;461078078;483120194;465850740;502561630;543167667;636218037;674008481;738942556;723209111;705015370;753225963;734462667;788163889;847778185;878281508;909854620
Korea, Rep.;KOR;2,79349E+11;3,25734E+11;3,50051E+11;3,86303E+11;4,55603E+11;5,56131E+11;5,98099E+11;5,57503E+11;3,74241E+11;4,85248E+11;5,61633E+11;5,33052E+11;6,0902E+11;6,80521E+11;7,64881E+11;8,98137E+11;1,0118E+12;1,12268E+12;1,00222E+12;9,01935E+11;1,0945E+12;1,20246E+12;1,22281E+12;1,3056E+12;1,41133E+12;1,38276E+12;1,41125E+12
Kuwait;KWT;18427777778;11008793176;19858555215;23941391391;24848483838;27191689008;31493987642;30354434553;25941929462;30121879435;37711864407;34890772742;38137545245;47875838926;59440108585;80797945205;1,01551E+11;1,14641E+11;1,47396E+11;1,059E+11;1,15419E+11;1,54028E+11;1,7407E+11;1,74161E+11;1,62632E+11;1,14567E+11;1,10876E+11
Latin America & Caribbean (excluding high income);LAC;1,08135E+12;1,34159E+12;1,24773E+12;1,44629E+12;1,6639E+12;1,76054E+12;1,89525E+12;2,07427E+12;2,08541E+12;1,86764E+12;2,07077E+12;2,01363E+12;1,79136E+12;1,83944E+12;2,12146E+12;2,57973E+12;3,02971E+12;3,59814E+12;4,21348E+12;3,95316E+12;4,92361E+12;5,60504E+12;5,63993E+12;5,77141E+12;5,90552E+12;5,01259E+12;4,85304E+12
Lao PDR;LAO;865559856;1028087972;1127806945;1327748655;1543606345;1763536305;1873671550;1747011857;1280177839;1454430642;1731198022;1768619058;1758176653;2023324407;2366398120;2735558726;3452882514;4222962988;5443915121;5832915387;7127792630;8261299200;10191350120;11942230508;13268458232;14390395150;15903329473
Lebanon;LBN;2838485354;4451497288;5545921947;7535259851;9599127050;11718795528;13690217333;15751867489;17247179006;17391056369;17260364842;17649751244;19152238806;20082918740;20955223881;21287562189;21796351575;24577114428;29227350570;35477118070;38419626628;40075674163;43868565282;46014226808;47833413749;49459296463;49598825982
Liberia;LBR;384400000;348000000;223500000;160400000;132200000;134800000;159400000;295900000;359600000;441800000;529064600;521000000;543000000;416000000;474700000;550000000;604028900;739027200;850040500;1155147400;1292697100;1545400000;1735500000;1946500000;2013000000;2034000000;2101000000
Libya;LBY;28901836158;31995012469;33881392045;30657030223;28607921929;25544128199;27884615385;30698633109;27249786142;35976714101;38270206950;34110064452;20481889764;26265625000;33122307692;47334148578;54961936663;67516236338;87140405361;63028320702;74773444901;34699395524;;;;;
St. Lucia;LCA;483962444;513753815;566894741;574870407;600005556;640449519;662196185;676949593;737554889;775934815;784159222;743808074;748346593;823837148;893107222;951207370;1134193630;1277494148;1282215407;1262973407;1381968259;1437684815;1436803333;1489928889;1551921037;1649142630;1667078704
Latin America & Caribbean;LCN;1,1705E+12;1,44016E+12;1,3584E+12;1,56494E+12;1,79715E+12;1,9161E+12;2,06074E+12;2,25538E+12;2,27173E+12;2,05079E+12;2,26209E+12;2,20482E+12;1,9768E+12;2,0353E+12;2,35066E+12;2,84551E+12;3,33724E+12;3,93635E+12;4,57603E+12;4,30216E+12;5,33453E+12;6,06428E+12;6,12121E+12;6,27299E+12;6,39155E+12;5,45921E+12;5,29987E+12
Least developed countries: UN classification;LDC;1,56731E+11;1,60526E+11;1,41269E+11;1,43252E+11;1,33682E+11;1,52281E+11;1,68214E+11;1,78035E+11;1,79028E+11;1,81115E+11;2,05489E+11;1,95585E+11;2,1114E+11;2,39016E+11;2,74531E+11;3,21336E+11;3,77285E+11;4,59888E+11;5,71649E+11;5,82743E+11;6,61934E+11;7,51567E+11;7,98197E+11;8,66105E+11;9,38326E+11;9,26977E+11;9,40734E+11
Low income;LIC;95714254328;97729178472;86383121297;86051188950;72587455092;83705340576;93313723635;96462655240;97516392241;97617718261;1,12688E+11;1,0176E+11;1,09911E+11;1,20719E+11;1,37616E+11;1,58964E+11;1,7784E+11;2,1277E+11;2,56173E+11;2,71232E+11;2,9234E+11;3,28781E+11;3,53928E+11;3,82593E+11;4,11931E+11;4,0239E+11;4,02524E+11
Liechtenstein;LIE;1421466240;1484152022;1631197909;1673104494;1948118228;2428461395;2504033252;2298410391;2479721341;2664026095;2483953103;2491822707;2688630823;3070691320;3454362686;3659251526;4000239273;4601299567;5081432924;4504549214;5082366478;5739977477;5456009385;6391735894;6657170923;6289165410;
Sri Lanka;LKA;8032551173;9000362582;9703011636;10338679636;11717604209;13029697561;13897738375;15091913884;15794972847;15656327860;16330814180;15746229582;16536535647;18881765437;20662525941;24406252457;28279814925;32350248411;40713812310;42066217872;56725745039;65292741297;68434399083;74317806755;79356456990;80611989527;81321876307
Lower middle income;LMC;9,20987E+11;8,8723E+11;9,25515E+11;9,40615E+11;1,0214E+12;1,14703E+12;1,25978E+12;1,30033E+12;1,1697E+12;1,27089E+12;1,344E+12;1,35623E+12;1,45803E+12;1,6723E+12;1,91186E+12;2,2052E+12;2,62626E+12;3,23218E+12;3,6379E+12;3,72781E+12;4,66696E+12;5,27893E+12;5,53533E+12;5,77446E+12;6,07654E+12;6,01705E+12;6,26337E+12
Low & middle income;LMY;3,68136E+12;3,92579E+12;3,88036E+12;4,13835E+12;4,48686E+12;5,01918E+12;5,47075E+12;5,7848E+12;5,60203E+12;5,47096E+12;5,96983E+12;6,02619E+12;6,15093E+12;6,95834E+12;8,2608E+12;9,84231E+12;1,16971E+13;1,45095E+13;1,74247E+13;1,70233E+13;2,07512E+13;2,45084E+13;2,60883E+13;2,76615E+13;2,87048E+13;2,71982E+13;2,72994E+13
Lesotho;LSO;596415105;704329193;831033941;835592802;878250451;1001889857;946123276;997996029;928458206;912771291;887295268;825706961;775780698;1157832935;1511236656;1682350935;1800105590;1820811281;1870722801;1865963015;2385950664;2788022889;2678494689;2526009073;2614566292;2505886025;2291321667
Late-demographic dividend;LTE;2,02724E+12;2,23029E+12;2,07992E+12;2,15593E+12;2,46885E+12;3,03282E+12;3,32569E+12;3,48028E+12;3,35129E+12;3,09602E+12;3,40075E+12;3,51517E+12;3,72354E+12;4,24606E+12;5,10348E+12;6,16173E+12;7,43678E+12;9,36621E+12;1,16452E+13;1,12582E+13;1,35137E+13;1,648E+13;1,76317E+13;1,90143E+13;1,97031E+13;1,84565E+13;1,84551E+13
Lithuania;LTU;;;;;;7870782261;8385109020;10120274493;11240360898;10972878636;11539211480;12252498921;14278357284;18802576988;22649930576;26125575942;30216060233;39738180077;47850551149;37440673478;37120517694;43476878139;42847900766;46473646002;48545251796;41402022148;42738875963
Luxembourg;LUX;13229247948;14321878795;16065740778;16486900187;18325791415;21588170498;21776609772;19731912494;20209122027;22235929043;21263514833;21272418792;23616328816;29557325056;34685281848;37347394603;42414308117;50888134410;55849686539;51370543206;53212476812;60004630234;56677961787;61739352212;66327344189;57784495265;58631324559
Latvia;LVA;;;;;;5788368511;5970044666;6525676264;7174985107;7533187605;7937758980;8350252966;9546441564;11748433157;14373269156;16922504045;21447021570;30901399261;35596016664;26169854045;23757368290;28223552825;28119996053;30314363219;31419072948;27009231911;27572698482
Macao SAR, China;MAC;3220920085;3735117374;4879018602;5625533410;6265844252;6996034037;7122539667;7211264780;6742367273;6490571704;6720492406;6811227983;7322677820;8195033162;10585624891;12092222042;14789661809;18340447243;20917444920;21475520709;28123640999;36709860068;43031577366;51552075902;55347998648;45415278647;44802641830
St. Martin (French part);MAF;;;;;;;;;;;;;;;;;;;;;;;;;;;
Morocco;MAR;30180108562;32285388165;33711069431;31655473664;35604137423;39030285468;43161452678;39147844526;41806219379;41632027600;38857251336;39459581217;42236836821;52064058834;59626020162;62343022651;68640825481;79041294874;92507257784;92897320376;93216746662;1,0137E+11;98266306615;1,06826E+11;1,10081E+11;1,01187E+11;1,03606E+11
Monaco;MCO;2481316054;2480497548;2737066956;2574439973;2720297739;3130270919;3137848783;2840182192;2934578789;2906009308;2647883820;2671401083;2905973022;3588988601;4110348444;4280072626;4663488363;5974371696;6919241412;5557245122;5350674803;6074884389;;;;;
Moldova;MDA;;;;;;1752975841;1695130457;1930071407;1639497207;1170785048;1288429151;1480656884;1661818168;1980901554;2598231467;2988338439;3408272498;4401154128;6054806101;5439422031;5811604052;7015206498;7284686576;7985349731;7983271111;6512899540;6749515655
Madagascar;MDG;3081479800;2653141959;3024459564;3370842211;2977040722;3159901232;3995028593;3545776697;3738704468;3717515283;3877673539;4529575348;4397254608;5474030080;4363934494;5039293031;5515884349;7342923489;9413002921;8550363975;8729936136;9892702358;9919780071;10601690872;10673516673;9744243420;10001193420
Maldives;MDV;215089005;244468293;284853359;322326642;355884383;398988955;450382328;508223602;540096398;589239754;624337145;870179739;897031250;1052121056;1226829565;1163362434;1575200391;1868383460;2271646188;2345294879;2588176058;2774351758;2886170570;3295011381;3697351594;4006531188;4224209599
Middle East & North Africa;MEA;5,50957E+11;5,53975E+11;6,03445E+11;6,07554E+11;6,3382E+11;7,08752E+11;8,02386E+11;8,32734E+11;8,09446E+11;8,66937E+11;9,67022E+11;9,70616E+11;9,6682E+11;1,0891E+12;1,27121E+12;1,53014E+12;1,79094E+12;2,12332E+12;2,6477E+12;2,36823E+12;2,76796E+12;3,28239E+12;3,52976E+12;3,52402E+12;3,56356E+12;3,14728E+12;3,1448E+12
Mexico;MEX;2,6271E+11;3,14454E+11;3,63609E+11;5,03963E+11;5,27319E+11;3,43793E+11;3,97404E+11;4,80555E+11;5,0201E+11;5,7946E+11;6,83648E+11;7,24704E+11;7,4156E+11;7,13284E+11;7,70268E+11;8,66346E+11;9,65281E+11;1,04347E+12;1,10128E+12;8,94949E+11;1,05113E+12;1,17119E+12;1,1866E+12;1,26198E+12;1,29846E+12;1,15226E+12;1,04692E+12
Marshall Islands;MHL;78476000;82507000;91063000;99461000;108071000;120230000;110858000;106289100;108702100;107978900;110937700;115152100;124735100;126887600;131334600;137928600;143930000;150776500;152788700;152617500;164969100;173260300;185210500;190800800;183121300;179697900;194497900
Middle income;MIC;3,59074E+12;3,83285E+12;3,79758E+12;4,05549E+12;4,41524E+12;4,93687E+12;5,37921E+12;5,68994E+12;5,50659E+12;5,37567E+12;5,86048E+12;5,92624E+12;6,04351E+12;6,84005E+12;8,12546E+12;9,68551E+12;1,15206E+13;1,42975E+13;1,71696E+13;1,67556E+13;2,04586E+13;2,41784E+13;2,57333E+13;2,72782E+13;2,82928E+13;2,67961E+13;2,68971E+13
Macedonia, FYR;MKD;4471828622;4694744898;2316618543;2550195043;3381270208;4449375346;4422160018;3735312143;3571043103;3673288264;3772851420;3709637830;4018365247;4946292775;5682719260;6258600714;6861222332;8336478142;9909548411;9401731496;9407168702;10494632699;9745251126;10817712139;11362272838;10051659161;10899583155
Mali;MLI;2681912030;2724131545;2830673389;2818280876;2081846483;2706425298;2780422212;2697105694;2920358587;3439463140;2954129566;3465305993;3889758024;4703504467;5444474268;6245031690;6899799786;8145694632;9750822511;10181021770;10678749467;12978107561;12442747897;13246412031;14388360064;13100058100;14034980334
Malta;MLT;2547163582;2750041434;3021910217;2709178327;2998570147;3439931907;3570271558;3705372039;3923637971;4127313818;4306192436;4331870648;4689832690;5456583589;6062780269;6394851387;6757119558;7880509171;8977149553;8528202278;8741059603;9504797627;9203729739;10145944324;11217780149;10285547954;10999047580
Myanmar;MMR;;;;;;;;;;;8905066164;6477790688;6777632512;10467109978;10567354056;11986972419;14502553710;20182477481;31862554102;36906181381;49540813342;59977326086;59937797559;60269734045;65446402659;59687373958;63225097051
Middle East & North Africa (excluding high income);MNA;;;;2,91541E+11;2,98977E+11;3,40941E+11;3,95345E+11;4,06066E+11;4,1215E+11;4,35883E+11;4,5166E+11;4,67356E+11;4,53678E+11;5,11781E+11;5,9292E+11;6,9842E+11;8,11375E+11;1,00283E+12;1,23537E+12;1,1959E+12;1,38352E+12;1,56852E+12;1,68155E+12;1,59168E+12;1,59156E+12;1,44198E+12;1,4539E+12
Montenegro;MNE;;;;;;;;;;;984279598;1159860290;1284446123;1707678390;2073255525;2257174481;2696020575;3668857104;4545674528;4159330370;4139192053;4538198499;4087724528;4464260489;4587928884;4052913386;4374127212
Mongolia;MNG;2560785660;2379018326;1317611864;768401634;925817092;1452165005;1345719472;1180934203;1124440249;1057408589;1136896124;1267997934;1396555720;1595297356;1992066808;2523471532;3414055566;4234999823;5623216449;4583850368;7189481824;10409797649;12292770631;12582122604;12226514722;11749620620;11183458131
Northern Mariana Islands;MNP;;;;;;;;;;;;;1284000000;1239000000;1210000000;1061000000;990000000;938000000;939000000;795000000;799000000;733000000;751000000;784000000;845000000;933000000;1242000000
Mozambique;MOZ;2512079324;3263761938;2291175765;2394823062;2460670288;2521738760;3523842275;4227273069;4873242526;5302532113;5016469069;4766928747;5031510909;5597367853;6831808930;7723846195;8312078525;9366742309;11494837053;10911698208;10154238250;13131168012;14534278446;16018848991;16961127046;14798439527;11014858592
Mauritania;MRT;1019600771;1443688870;1464392416;1249944999;1315932645;1415296704;1442598431;1401946853;1375115534;1405662879;1293654175;1295539448;1324426607;1563074860;1833444740;2184444849;3040716679;3356757497;3978425881;3670515288;4343665075;5179690136;5225533500;5724227185;5391475277;4844223107;4739298730
Mauritius;MUS;2653480001;2856890681;3224267548;3263368410;3558137040;4040345933;4421943910;4187367602;4169664285;4291172816;4582555125;4536538211;4767303154;5609831328;6385695187;6283803256;7028803366;8150138757;9990370016;9128843109;10003670690;11518393367;11668685524;12129642296;12803445934;11692287066;12168437744
Malawi;MWI;1880784192;2203536031;1799529357;2070647127;1181801920;1397454122;2281039098;2663238983;1750585204;1775920040;1743506287;1716502862;3495748398;3208837077;3476094499;3655909664;3997852636;4432192844;5320925102;6190991712;6959697194;8003300198;6028470989;5518901971;6054750320;6373201160;5433038647
Malaysia;MYS;44024178343;49142784405;59167157498;66894448545;74477975918;88704944179;1,00855E+11;1,00005E+11;72167753771;79148947368;93789736842;92783947368;1,00845E+11;1,10202E+11;1,2475E+11;1,43534E+11;1,62691E+11;1,93548E+11;2,30814E+11;2,02258E+11;2,55017E+11;2,97952E+11;3,14443E+11;3,23277E+11;3,38062E+11;2,96434E+11;2,96536E+11
North America;NAC;6,57511E+12;6,78601E+12;7,13337E+12;7,45771E+12;7,88876E+12;8,27012E+12;8,73144E+12;9,26427E+12;9,72411E+12;1,034E+13;1,10306E+13;1,13619E+13;1,17394E+13;1,24072E+13;1,33026E+13;1,4268E+13;1,51767E+13;1,59485E+13;1,62738E+13;1,57957E+13;1,65836E+13;1,73121E+13;1,79851E+13;1,85397E+13;1,91918E+13;1,96794E+13;2,01603E+13
Namibia;NAM;2804379662;3012742078;3448326858;3218475900;3636645995;3942478206;3945340776;4102648720;3826527631;3818954448;3908661518;3546783708;3361251198;4931312147;6606858786;7261333795;7978734402;8740865600;8486721917;8876191121;11282192605;12409629836;13016272899;12717790501;12786078004;11571141027;10947880690
New Caledonia;NCL;2529310104;2653781596;2923764926;3070161471;3038727617;3628440275;3606968434;3291489841;3158806480;3056999988;2682347064;;;;;;;;;;;;;;;;
Niger;NER;2480673305;2327986216;2344987614;1606581744;1563207225;1880803362;1987770899;1845599608;2076737357;2018193703;1798374468;1945327565;2170481509;2731416346;3052898739;3405134832;3646728060;4291363391;5403363917;5397121856;5718589799;6409169890;6942209595;7667951988;8229730067;7217666361;7528387858
Nigeria;NGA;30757075595;27392886873;29300903643;15789003753;18086400536;28546958641;34987951375;35822342618;32004613750;35870792988;46386011231;44137994252;59116847822;67655813930;87845420504;1,12248E+11;1,4543E+11;1,66451E+11;2,08065E+11;1,69481E+11;3,69062E+11;4,11744E+11;4,60954E+11;5,14966E+11;5,68499E+11;4,81066E+11;4,04653E+11
Nicaragua;NIC;1009455484;1488804124;1792800000;1756454248;3863185119;4140470000;4308351903;4389965591;4635267225;4855717875;5107329007;5323146566;5224213018;5322454926;5795568205;6321335612;6763671611;7423377429;8496965842;8298695145;8758622329;9774316692;10532001130;10982972256;11880438824;12747741540;13230844687
Netherlands;NLD;3,14268E+11;3,2332E+11;3,5833E+11;3,49038E+11;3,74291E+11;4,46529E+11;4,45705E+11;4,12199E+11;4,32476E+11;4,41975E+11;4,12807E+11;4,26574E+11;4,65369E+11;5,71863E+11;6,50533E+11;6,78534E+11;7,26649E+11;8,3942E+11;9,36228E+11;8,57933E+11;8,3639E+11;8,93757E+11;8,28947E+11;8,6668E+11;8,79635E+11;7,57999E+11;7,77228E+11
Norway;NOR;1,19792E+11;1,21872E+11;1,30838E+11;1,20579E+11;1,27131E+11;1,52027E+11;1,63518E+11;1,61354E+11;1,54165E+11;1,62286E+11;1,71316E+11;1,74003E+11;1,95418E+11;2,28752E+11;2,64357E+11;3,08722E+11;3,45425E+11;4,01083E+11;4,62554E+11;3,86622E+11;4,29131E+11;4,98832E+11;5,10229E+11;5,23502E+11;4,99339E+11;3,86663E+11;3,71076E+11
Nepal;NPL;3627562403;3921476085;3401211581;3660041667;4066775510;4401104418;4521580381;4918691917;4856255044;5033642384;5494252208;6007061224;6050875807;6330473097;7273938315;8130258041;9043715356;10325618017;12545438605;12854985464;16002656434;18913574371;18851513891;19271168018;20002968838;21410840909;21131983246
Nauru;NRU;;;;;;;;;;;;;;;;;;20432742;39333572;44290952;49248811;72751801;103811959;108601538;117020382;100459783;102060130
New Zealand;NZL;45495727007;42745329732;41649298171;46775067751;55315342817;63918703507;70140835299;66074513018;56227169851;58761741658;52623281957;53872425917;66628222189;88250885550;1,03906E+11;1,14719E+11;1,11607E+11;1,37315E+11;1,3328E+11;1,21337E+11;1,46581E+11;1,68462E+11;1,76193E+11;1,90521E+11;2,00696E+11;1,75563E+11;1,84969E+11
OECD members;OED;1,87249E+13;1,98082E+13;2,12974E+13;2,16141E+13;2,30799E+13;2,54267E+13;2,5649E+13;2,52565E+13;2,55148E+13;2,68129E+13;2,73775E+13;2,71196E+13;2,83004E+13;3,17077E+13;3,5294E+13;3,73075E+13;3,93323E+13;4,29932E+13;4,5511E+13;4,25797E+13;4,46062E+13;4,79234E+13;4,78285E+13;4,84052E+13;4,93701E+13;4,6659E+13;4,75526E+13
Oman;OMN;11685045514;11341482445;12452275683;12493107932;12918855657;13802600780;15277763329;15837451235;14085373212;15710148244;19507412224;19452015605;20142782835;21633810143;24763589077;31081924577;37215864759;42085305592;60905331599;48388296489;58641621847;67937307412;76689583355;78938585176;81034395059;69831770871;66293368010
Other small states;OSS;54310263045;55933105364;61013627266;58033167762;60783020995;69642896354;73535877988;76645392483;75106297716;80832351746;91599121613;91053518664;98187518525;1,21659E+11;1,50739E+11;1,82941E+11;2,15039E+11;2,63062E+11;3,21655E+11;2,76256E+11;3,20786E+11;3,95817E+11;4,13323E+11;4,31008E+11;4,44728E+11;3,69948E+11;3,6208E+11
Pakistan;PAK;40010424929;45451960732;48635176853;51478304860;51894781282;60636022423;63320122807;62433300338;62191955814;62973855719;73952374970;72309738921;72306820396;83244801093;97977766198;1,09502E+11;1,37264E+11;1,52386E+11;1,70078E+11;1,68153E+11;1,77407E+11;2,13587E+11;2,24384E+11;2,31219E+11;2,44361E+11;2,70556E+11;2,78913E+11
Panama;PAN;6433967000;7074675500;8042337700;8782585400;9365289800;9573813700;9870494000;10677286100;11575486400;12130252200;12304115000;12502013400;12994310400;13693981200;15013381700;16374393900;18141666300;20958000000;24522200000;26593500000;28917200000;34373820500;39954761200;44856189500;49165773100;52132289700;55187700000
Peru;PER;26410386669;34672122381;36139225288;35158109999;44882079767;53312793687;55252414130;58147522523;55501467877;50187324568;51744749133;52030158775;54777553515;58731030122;66768703498;76060606061;88643193062;1,02171E+11;1,20551E+11;1,20823E+11;1,47529E+11;1,71762E+11;1,92649E+11;2,01218E+11;2,0105E+11;1,89212E+11;1,92207E+11
Philippines;PHL;44311593756;45417561302;52976344929;54368083953;64084460124;74119987245;82848140618;82344260571;72207025219;82995147090;81026297144;76262072022;81357602950;83908206456;91371239765;1,03072E+11;1,22211E+11;1,4936E+11;1,74195E+11;1,68335E+11;1,99591E+11;2,24143E+11;2,50092E+11;2,71836E+11;2,84585E+11;2,92774E+11;3,04905E+11
Palau;PLW;76888000;83855000;82451000;75907000;83527000;95237000;108203000;113213000;117320000;113485000;147832600;158159300;161615200;157962700;173373900;191326500;193085900;194767100;196711500;186891100;183335100;200066900;215095100;228012200;246436300;297645400;310248300
Papua New Guinea;PNG;3219730365;3787352287;4377984100;4974662910;5502648500;4636113480;5155485420;4936605080;3789428160;3477060138;3521348155;3081024212;2999511040;3536411824;3927157867;4865892972;8306343442;9545071325;11670678864;11619541940;14250726290;17984816533;21295834133;21261305413;23003575201;21060901604;20213214172
Poland;POL;65977749038;85500935935;94337050693;96045645026;1,10803E+11;1,42137E+11;1,59943E+11;1,59118E+11;1,74388E+11;1,69718E+11;1,71886E+11;1,90521E+11;1,98681E+11;2,17519E+11;2,55102E+11;3,06135E+11;3,44826E+11;4,2925E+11;5,33816E+11;4,40347E+11;4,79258E+11;5,28725E+11;5,00284E+11;5,24201E+11;5,45076E+11;4,7728E+11;4,71364E+11
Pre-demographic dividend;PRE;1,66763E+11;1,66248E+11;1,51742E+11;1,40182E+11;1,27917E+11;1,55731E+11;1,73363E+11;1,81117E+11;1,79148E+11;1,81504E+11;2,11741E+11;2,00657E+11;2,36774E+11;2,73883E+11;3,32473E+11;4,11274E+11;5,14533E+11;6,30728E+11;8,05267E+11;7,28799E+11;1,00975E+12;1,16644E+12;1,28175E+12;1,40171E+12;1,49697E+12;1,30076E+12;1,20779E+12
Puerto Rico;PRI;30603919000;32287031000;34630430000;36922456000;39690630000;42647331000;45340835000;48187039000;54086409000;57840954000;61701810000;69668635000;72546194000;75833996000;80322313000;83914521341;87276164365;89524131617;93639316000;96385638000;98381268000;1,00352E+11;1,01081E+11;1,03135E+11;;;
Korea, Dem. Peoples Rep.;PRK;;;;;;;;;;;;;;;;;;;;;;;;;;;
Portugal;PRT;78721607509;89242382961;1,07603E+11;95019103603;99698453261;1,18134E+11;1,2263E+11;1,17046E+11;1,23982E+11;1,27466E+11;1,18358E+11;1,21546E+11;1,34229E+11;1,64964E+11;1,89187E+11;1,97305E+11;2,08567E+11;2,40169E+11;2,62008E+11;2,43746E+11;2,38303E+11;2,44895E+11;2,16368E+11;2,26073E+11;2,2963E+11;1,9942E+11;2,04837E+11
Paraguay;PRY;5695201563;6984367763;7157424031;7249533620;7870982171;9062131308;9788391733;9965225497;9024567484;8392549702;8195993231;7662595076;6325151760;6588103836;8033877360;8734653809;10646157920;13794910634;18504130753;15929902138;20030528043;25099681461;24595319574;28965906502;30881166852;27282581336;27424071383
West Bank and Gaza;PSE;;;;;2843300000;3282800000;3409600000;3759800000;4067800000;4271200000;4313600000;4003700000;3555800000;3968000000;4329200000;4831800000;4910100000;5505800000;6673500000;7268200000;8913100000;10465400000;11279400000;12476000000;12715600000;12673000000;13397100000
Pacific island small states;PSS;2396520509;2548876960;2794581115;2946263929;3395406278;3668261062;3939097727;3935303220;3383565222;3685135085;3447191071;3373827098;3545230258;4157082464;4802142870;5271518870;5541929393;6078976595;6554173387;5778915418;6404608139;7589010906;8110535071;8376051897;8769297682;8596930891;9019651488
Post-demographic dividend;PST;1,83747E+13;1,93721E+13;2,07891E+13;2,09584E+13;2,24305E+13;2,48688E+13;2,49994E+13;2,45278E+13;2,4631E+13;2,58552E+13;2,62963E+13;2,6051E+13;2,71709E+13;3,04816E+13;3,38689E+13;3,56502E+13;3,74964E+13;4,08924E+13;4,32041E+13;4,06762E+13;4,24136E+13;4,55256E+13;4,54538E+13;4,58486E+13;4,6735E+13;4,42428E+13;4,52133E+13
French Polynesia;PYF;3181206305;3267367610;3558215110;3694600400;3522272321;3982374846;3954696874;3567062512;3775160797;3797016069;3447543138;;;;;;;;;;;;;;;;
Qatar;QAT;7360439423;6883516484;7646153984;7156593654;7374450769;8137911978;9059340385;11297802115;10255495027;12393131868;17759890110;17538461538;19363736264;23533791209;31734065934;44530494505;60882142857;79712087912;1,1527E+11;97798351648;1,25122E+11;1,67775E+11;1,86834E+11;1,98728E+11;2,06225E+11;1,64641E+11;1,52452E+11
Romania;ROU;38995454545;28998684211;25121666667;26362894737;30074440483;37662075750;37182938696;35838588170;41976002704;36183003978;37438527800;40716836998;46174557556;59867801205;76216441462;99697566668;1,23533E+11;1,71537E+11;2,08182E+11;1,67423E+11;1,67998E+11;1,85363E+11;1,71665E+11;1,91549E+11;1,99493E+11;1,77911E+11;1,87592E+11
Russian Federation;RUS;5,16814E+11;5,17963E+11;4,60291E+11;4,35084E+11;3,95077E+11;3,95531E+11;3,9172E+11;4,04927E+11;2,70953E+11;1,95906E+11;2,59708E+11;3,06603E+11;3,4511E+11;4,30348E+11;5,91017E+11;7,64017E+11;9,89931E+11;1,29971E+12;1,66084E+12;1,22264E+12;1,52492E+12;2,05166E+12;2,21026E+12;2,29713E+12;2,06366E+12;1,36586E+12;1,28316E+12
Rwanda;RWA;2550185618;1911600970;2029026704;1971525999;753636370;1293535011;1382334879;1851558302;1989343495;1817655328;1734938264;1674685094;1677447150;1845979299;2089188829;2581465864;3152016557;3824811913;4860576609;5379378135;5774003744;6491683832;7315702176;7622526429;8016288347;8261034258;8376048905
South Asia;SAS;4,0205E+11;3,57724E+11;3,7983E+11;3,7624E+11;4,26649E+11;4,74034E+11;5,18625E+11;5,44006E+11;5,51628E+11;5,90949E+11;6,14756E+11;6,30828E+11;6,6325E+11;7,74467E+11;8,97927E+11;1,02864E+12;1,17625E+12;1,48869E+12;1,51564E+12;1,66559E+12;2,04214E+12;2,27201E+12;2,29791E+12;2,35666E+12;2,57769E+12;2,6828E+12;2,89248E+12
Saudi Arabia;SAU;1,1763E+11;1,32223E+11;1,37088E+11;1,32968E+11;1,35175E+11;1,43343E+11;1,58662E+11;1,65964E+11;1,46775E+11;1,61717E+11;1,89515E+11;1,84137E+11;1,89606E+11;2,15808E+11;2,58742E+11;3,2846E+11;3,769E+11;4,15965E+11;5,19797E+11;4,29098E+11;5,28207E+11;6,71239E+11;7,35975E+11;7,46647E+11;7,5635E+11;6,51757E+11;6,46438E+11
Sudan;SDN;12408647541;11379222222;7034219713;8881785938;12794192334;13829744879;9018243044;11681494637;11250327988;10682045258;12257418326;13182979784;14803189093;17646503525;21457470203;26524538566;35822408612;45898948564;54526580232;53150209168;65634109237;67327289320;68125631150;72065940086;82151588419;97156119150;95584380032
Senegal;SEN;5716644272;5617236033;6004885321;5678827999;3877196915;4878719133;5065830414;4672503920;5030344074;5144045360;4679604754;4877602060;5333862371;6858952880;8031344381;8707015771;9358710935;11284603071;13439023281;12814961485;12948906289;14390776644;14225310519;14851057085;15304363138;13640668374;14683697631
Singapore;SGP;36152027893;45474442836;52156414979;60644572348;73777792327;87890009877;96403758865;1,00164E+11;85707636233;86283126844;95833932715;89286208629;91941192896;97001377569;1,14189E+11;1,27418E+11;1,47797E+11;1,79981E+11;1,92226E+11;1,92408E+11;2,36422E+11;2,75599E+11;2,89162E+11;3,02511E+11;3,08143E+11;2,96841E+11;2,96976E+11
Solomon Islands;SLB;302515027;320355091;378778047;410923236;464756639;519334097;565163751;567919503;471177008;482214092;435103853;400463452;341661644;332738246;375111895;413909879;456705434;516074229;608293860;597765363;671585343;886498371;1025125082;1059695156;1156563123;1129164719;1202125000
Sierra Leone;SLE;649644827;779981459;679997998;768812335;911915971;870758739;941742153;850218034;672375927;669384769;635874002;1079478388;1239004288;1371442566;1431208677;1627854495;1885112202;2158496873;2505458705;2489985963;2616610911;2942546781;3801862611;4920343195;5015180977;4251869870;3736588554
El Salvador;SLV;4800900000;5311000000;5954700000;6938000000;8085600000;9500500000;10315500000;11134700000;12008400000;12464700000;13134100000;13812700000;14306700000;15046700000;15798300000;17093800000;18550700000;20104900000;21430950000;20661030000;21418330000;23139040000;23813600000;24350930000;25054230000;26052340000;26797470000
San Marino;SMR;;;;;;;;;;1215604990;1101897072;1160626398;1253529080;1600451467;1877328036;1958711603;2092585623;2488365727;2752307016;2363156432;2139072848;2054489853;1800077091;1865374403;1845561895;1569258068;1590707965
Somalia;SOM;;;;;;;;;;;;;;;;;;;;;;;;5352000000;5647000000;5925000000;6217000000
Serbia;SRB;;;;;;16750000000;20948677840;24147996550;18284194680;18409364147;6540247190;12267175481;16116843146;21188704081;24861483281;26252007830;30607991862;40289556656;49259526053;42616653300;39460357731;46466728667;40742313861;45519650911;44210806366;37160332465;38299854688
Sub-Saharan Africa (excluding high income);SSA;3,09286E+11;3,18763E+11;3,13438E+11;2,99561E+11;2,91699E+11;3,369E+11;3,48322E+11;3,6044E+11;3,39959E+11;3,42288E+11;3,6706E+11;3,41718E+11;3,66266E+11;4,67795E+11;5,82616E+11;6,84302E+11;8,01053E+11;9,32288E+11;1,0665E+12;1,02177E+12;1,36485E+12;1,53617E+12;1,61098E+12;1,69711E+12;1,77886E+12;1,60444E+12;1,51117E+12
South Sudan;SSD;;;;;;;;;;;;;;;;;;;15550136279;12231362023;15727363443;17826697892;10368813559;13257635695;13282084034;9015221096;
Sub-Saharan Africa;SSF;3,09657E+11;3,19139E+11;3,13875E+11;3,00038E+11;2,92189E+11;3,37412E+11;3,48828E+11;3,61007E+11;3,40572E+11;3,42916E+11;3,6768E+11;3,42345E+11;3,6697E+11;4,68505E+11;5,83461E+11;6,85227E+11;8,02075E+11;9,33327E+11;1,06747E+12;1,02262E+12;1,36582E+12;1,53723E+12;1,61211E+12;1,69852E+12;1,78029E+12;1,60587E+12;1,5126E+12
Small states;SST;74599350281;76109647374;81024550303;79207007623;83473610538;94366389840;1,0045E+11;1,06278E+11;1,06764E+11;1,14559E+11;1,27299E+11;1,27601E+11;1,36679E+11;1,63314E+11;1,96716E+11;2,34866E+11;2,72996E+11;3,27512E+11;3,94805E+11;3,37922E+11;3,88136E+11;4,69604E+11;4,92082E+11;5,10669E+11;5,2489E+11;4,48061E+11;4,37804E+11
Sao Tome and Principe;STP;;;;;;;;;;;;72230284;80531992;96343906;105360802;126194166;134441117;145827430;188021169;187821029;197454053;233213523;252560557;302925490;348899846;315880811;342781716
Suriname;SUR;388300000;448300000;404600000;428794118;605492537;693970588;860630923;929607500;945000000;885444186;892164394;763465550;1078402128;1271196078;1484092538;1793754805;2626380435;2936612022;3532969035;3875409836;4368398048;4422276622;4980000000;5145757576;5240606061;4826587058;3278425328
Slovak Republic;SVK;12694544693;14213045494;15431288006;16452201101;20079363626;25733043137;27821913815;27660149541;29828899206;30415095887;29114875622;30703017450;35083608131;46731767494;57240535138;62697540107;70596729394;86304245825;1,00325E+11;88945625174;89501012916;98181259740;93413992956;98478349315;1,00948E+11;87501423882;89768598023
Slovenia;SVN;;;;;;21273055398;21480023017;20749140606;22125435372;22689994990;20342201356;20875387068;23563576758;29697448108;34470227454;36346974008;39587732029;48114688201;55589849128;50244793832;48013606745;51290792018;46352802766;48116256926;49904928335;43072415017;44708598649
Sweden;SWE;2,58154E+11;2,70363E+11;2,80312E+11;2,09951E+11;2,2608E+11;2,64052E+11;2,88104E+11;2,64478E+11;2,668E+11;2,70848E+11;2,59802E+11;2,39917E+11;2,63926E+11;3,31109E+11;3,81705E+11;3,89042E+11;4,20032E+11;4,87816E+11;5,13966E+11;4,29657E+11;4,88378E+11;5,6311E+11;5,43881E+11;5,78742E+11;5,73818E+11;4,97918E+11;5,1446E+11
Swaziland;SWZ;1114703088;1156141998;1284766234;1357206996;1419293455;1698982438;1602760100;1716699913;1576904292;1547884442;1738100853;1542477309;1432228125;2197612701;2770082792;3178126492;3291353836;3469363996;3294093485;3580417067;4438778424;4820499924;4823831657;4560713074;4377293816;4020275298;3720649375
Sint Maarten (Dutch part);SXM;;;;;;;;;;;;;;;;;;;;;;;;;;;
Seychelles;SYC;368584759;374359556;433667194;473916819;486451205;508221508;503068472;562958837;608369282;622985494;614879765;622262057;697518248;705704816;839319927;919103255;1016418229;1033561654;967199594;847397850;969936525;1065826670;1134267367;1411061261;1422530792;1437722206;1427323889
Syrian Arab Republic;SYR;12308624284;12981833333;13253565899;13695962019;10122020000;11396706587;13789560878;14505233969;15200846138;15873875969;19325894913;21099833784;21582248882;21828144686;25086930693;28858965517;33332844575;40405006007;;;;;;;;;
Turks and Caicos Islands;TCA;;;;;;;;;;;;;;;;;;;;;;;;;;;
Chad;TCD;1738605558;1877138042;1881847677;1463251055;1179837955;1445919970;1607345450;1544689503;1744794457;1534673583;1385058162;1709347793;1987622279;2736666516;4414929220;6646663561;7422102656;8638711443;10351932604;9253484108;10657705536;12156380425;12368071039;12949854263;13922223234;10888798114;9600761474
East Asia & Pacific (IDA & IBRD countries);TEA;6,68504E+11;7,25602E+11;8,12929E+11;8,93591E+11;1,07406E+12;1,32459E+12;1,52112E+12;1,57429E+12;1,43625E+12;1,58215E+12;1,74217E+12;1,85264E+12;2,05162E+12;2,32306E+12;2,69268E+12;3,11803E+12;3,75626E+12;4,74907E+12;6,00915E+12;6,51868E+12;7,86401E+12;9,61208E+12;1,07234E+13;1,18379E+13;1,27295E+13;1,32427E+13;1,34865E+13
Europe & Central Asia (IDA & IBRD countries);TEC;1,02062E+12;1,0078E+12;9,44313E+11;9,31236E+11;8,37244E+11;9,18931E+11;9,47705E+11;9,79133E+11;9,46229E+11;8,20214E+11;8,91935E+11;9,07585E+11;1,01911E+12;1,25503E+12;1,6227E+12;2,0326E+12;2,45915E+12;3,1569E+12;3,90615E+12;3,0956E+12;3,63551E+12;4,42059E+12;4,6113E+12;4,89344E+12;4,62392E+12;3,59846E+12;3,46319E+12
Togo;TGO;1628427515;1602299863;1692959110;1233496846;982624325;1309382885;1465448290;1498950899;1587345951;1576094566;1294250233;1332328999;1474630207;1673690430;1937074572;2115154262;2202809251;2523462557;3163416242;3163000529;3172945645;3756023160;3866617463;4080929201;4482880424;4087628276;4399995987
Thailand;THA;85343063966;98234695722;1,11453E+11;1,2889E+11;1,46683E+11;1,69279E+11;1,83035E+11;1,5018E+11;1,13676E+11;1,26669E+11;1,26392E+11;1,20297E+11;1,34301E+11;1,52281E+11;1,72895E+11;1,89318E+11;2,21758E+11;2,62943E+11;2,91383E+11;2,8171E+11;3,41105E+11;3,70819E+11;3,9756E+11;4,20529E+11;4,06522E+11;3,99235E+11;4,07026E+11
Tajikistan;TJK;2629395066;2534720480;1909246641;1646693642;1346074611;1231523035;1043893063;921843144;1320126706;1086567378;860550306;1080774007;1221113780;1554125531;2076148696;2312319579;2830236054;3719497371;5161336170;4979481980;5642178580;6522732203;7633049792;8506674783;9236309138;7853450374;6951657159
Turkmenistan;TKM;3189539641;3208098919;3200539816;3179225949;2561118608;2482228440;2379281768;2450084970;2605688065;2450686660;2904662605;3534771969;4462028989;5977440583;6838351088;8104355717;10277598152;12664165103;19271523179;20214385965;22583157895;29233333333;35164210526;39197543860;43524210526;35799628571;36179885714
Latin America & the Caribbean (IDA & IBRD countries);TLA;1,10084E+12;1,37232E+12;1,29065E+12;1,49368E+12;1,71575E+12;1,82906E+12;1,9755E+12;2,1646E+12;2,17378E+12;1,94639E+12;2,1503E+12;2,08391E+12;1,85142E+12;1,90385E+12;2,21086E+12;2,69496E+12;3,1715E+12;3,76018E+12;4,39266E+12;4,11625E+12;5,14211E+12;5,86359E+12;5,91282E+12;6,0586E+12;6,17139E+12;5,2478E+12;5,09416E+12
Timor-Leste;TLS;;;;;;;;;;;350391813;429570503;422917862;430520880;442875784;466635214;440024652;531260865;659561789;785961959;894400000;1053500000;1188900000;1410000000;1450600000;1606500000;1782974000
Middle East & North Africa (IDA & IBRD countries);TMN;;;;2,88738E+11;2,96103E+11;3,3762E+11;3,91919E+11;4,02271E+11;4,08028E+11;4,31557E+11;4,47298E+11;4,63334E+11;4,50128E+11;5,07822E+11;5,8862E+11;6,93624E+11;8,06509E+11;9,97382E+11;1,22877E+12;1,18867E+12;1,37462E+12;1,55806E+12;1,67027E+12;1,57907E+12;1,5787E+12;1,42909E+12;1,44024E+12
Tonga;TON;113563822;132201141;137066291;138489884;193775943;202547014;219583570;212155125;188686997;196686675;202363492;181244788;182737040;202543202;229358215;262176134;294137737;300143057;349484428;318166563;369485199;423011844;472358251;450686354;443911052;435438217;401562006
South Asia (IDA & IBRD);TSA;4,0205E+11;3,57724E+11;3,7983E+11;3,7624E+11;4,26649E+11;4,74034E+11;5,18625E+11;5,44006E+11;5,51628E+11;5,90949E+11;6,14756E+11;6,30828E+11;6,6325E+11;7,74467E+11;8,97927E+11;1,02864E+12;1,17625E+12;1,48869E+12;1,51564E+12;1,66559E+12;2,04214E+12;2,27201E+12;2,29791E+12;2,35666E+12;2,57769E+12;2,6828E+12;2,89248E+12
Sub-Saharan Africa (IDA & IBRD countries);TSS;3,09657E+11;3,19139E+11;3,13875E+11;3,00038E+11;2,92189E+11;3,37412E+11;3,48828E+11;3,61007E+11;3,40572E+11;3,42916E+11;3,6768E+11;3,42345E+11;3,6697E+11;4,68505E+11;5,83461E+11;6,85227E+11;8,02075E+11;9,33327E+11;1,06747E+12;1,02262E+12;1,36582E+12;1,53723E+12;1,61211E+12;1,69852E+12;1,78029E+12;1,60587E+12;1,5126E+12
Trinidad and Tobago;TTO;5068000000;5307905882;5439552941;4669488516;4947205860;5329214163;5759537726;5737751332;6043694330;6808982521;8154338233;8824873259;9008273721;11305459802;13280275123;15982282462;18369070085;21642304046;27870257894;19175196446;22157948396;25433011405;25694164489;26436159315;26175952942;23559224762;21894706041
Tunisia;TUN;12290568182;13074782609;15497286296;14608946896;15632463424;18030876599;19587322786;20746360430;21803372267;22943685719;21473188882;22066101341;23142294436;27453084983;31183139301;32273007554;34378437265;38908069299;44856586316;43454935940;44050929160;45810626509;45044112939;46251061734;47587913059;43156708809;42062549395
Turkey;TUR;1,50676E+11;1,50028E+11;1,58459E+11;1,8017E+11;1,3069E+11;1,69486E+11;1,81476E+11;1,89835E+11;2,75769E+11;2,55884E+11;2,72979E+11;2,00252E+11;2,38428E+11;3,11823E+11;4,04787E+11;5,01416E+11;5,52487E+11;6,7577E+11;7,64336E+11;6,4464E+11;7,71877E+11;8,32546E+11;8,73982E+11;9,50595E+11;9,34168E+11;8,59794E+11;8,63712E+11
Tuvalu;TUV;8824448;9365166;9742949;9630763;10886826;11025945;12334846;12700905;12757633;13687141;13742057;13196545;15450994;18231079;21534932;21839099;22902861;27030374;30290220;27101076;31823519;39312017;39875751;38322360;37259690;32673278;34218878
Tanzania;TZA;4258743263;4956588279;4601413264;4257702197;4510846968;5255221425;6496195451;7683852497;9345174219;9697847264;10185786383;10383560603;10805599893;11659129889;12825801581;16929976600;18610460327;21501741757;27368386358;28573777052;31407908612;33878631649;39087748240;44333456245;48197218327;45628320606;47340071107
Uganda;UGA;4304398866;3321729057;2857457860;3220439044;3990430447;5755818947;6044585327;6269333313;6584815847;5998563258;6193246837;5840503869;6178563591;6336696289;7940362799;9013834373;9942597780;12292813603;14239026630;18168902154;20186496527;20176751242;23132149257;24599553472;27295207928;27059447775;24078931933
Ukraine;UKR;81456918679;77464561150;73942235330;65648559903;52549555149;48213868178;44558077827;50150399792;41883241472;31580639045;31261527363;38009344577;42392896031;50132953288;64883060726;86142018069;1,07753E+11;1,42719E+11;1,79992E+11;1,17228E+11;1,36013E+11;1,6316E+11;1,75781E+11;1,8331E+11;1,33503E+11;91030959455;93270479389
Upper middle income;UMC;2,668E+12;2,94587E+12;2,87128E+12;3,11509E+12;3,39408E+12;3,79008E+12;4,11973E+12;4,38982E+12;4,33684E+12;4,10512E+12;4,51672E+12;4,57027E+12;4,58534E+12;5,16748E+12;6,21367E+12;7,48034E+12;8,89439E+12;1,10654E+13;1,35285E+13;1,3027E+13;1,57922E+13;1,88971E+13;2,01944E+13;2,14989E+13;2,22122E+13;2,07724E+13;2,06239E+13
Uruguay;URY;9298839655;11206193313;12878157306;15002144584;17474578502;19297663097;20515465834;23969746850;25385928198;23983945191;22823255802;20898788417;13606494599;12045631093;13686329890;17362857684;19579457966;23410572622;30366213095;31660911290;40284481662;47962439293;51264390121;57531233351;57236013078;53274304215;52419720714
United States;USA;5,97959E+12;6,17404E+12;6,5393E+12;6,87872E+12;7,30876E+12;7,66406E+12;8,1002E+12;8,60852E+12;9,08917E+12;9,66062E+12;1,02848E+13;1,06218E+13;1,09775E+13;1,15107E+13;1,22749E+13;1,30937E+13;1,38559E+13;1,44776E+13;1,47186E+13;1,44187E+13;1,49644E+13;1,55179E+13;1,61553E+13;1,66915E+13;1,73931E+13;1,81207E+13;1,86245E+13
Uzbekistan;UZB;13360607991;13677622222;12941297376;13099013836;12899156991;13350468917;13948892216;14744603774;14988971211;17078465982;13760374488;11401351420;9687951055;10128112401;12030023548;14307509839;17330833853;22311393928;29549438884;33689223673;39332770929;45915191189;51821573338;57690453461;63067077179;66903804143;67220335570
St. Vincent and the Grenadines;VCT;240365259;254829630;277954111;286307815;289438481;316008481;331489704;347770000;373619852;390719148;396270000;430040370;461883444;481806296;521975111;550728667;610930037;651833333;695428852;674922481;681225963;676129407;692933741;721207148;727230735;755205756;768224227
Venezuela, RB;VEN;47028010661;51749026408;58450099415;58124193833;56531046465;74906532240;68263823149;85843534589;91331203433;97976886247;1,17141E+11;1,22904E+11;92893587734;83620628582;1,12453E+11;1,4551E+11;1,83478E+11;2,30364E+11;3,15953E+11;3,29788E+11;3,93191E+11;3,16482E+11;3,81286E+11;3,71006E+11;4,82359E+11;;
British Virgin Islands;VGB;;;;;;;;;;;;;;;;;;;;;;;;;;;
Virgin Islands (U.S.);VIR;1564700032;1671200000;1770899968;1996000000;;;;;;;;;3269000000;3453000000;3799000000;4439000000;4504000000;4803000000;4250000000;4203000000;4339000000;4239000000;4095000000;3764000000;3624000000;3765000000;
Vietnam;VNM;6471740806;9613369520;9866990236;13180953598;16286433533;20736164459;24657470575;26843700442;27209602050;28683659007;31172518403;32685198735;35064105501;39552513316;45427854693;57633255618;66371664817;77414425532;99130304099;1,06015E+11;1,15932E+11;1,35539E+11;1,5582E+11;1,71222E+11;1,86205E+11;1,93241E+11;2,05276E+11
Vanuatu;VUT;158397403;188869986;196142585;188080374;219260341;233902115;245177633;255890222;262301253;267999225;272014693;257926882;262603782;314463144;364996869;394962552;439376794;526428310;607958616;610066629;700804286;792149701;781702874;801787556;814954307;742432131;773502896
World;WLD;2,2595E+13;2,39276E+13;2,541E+13;2,5859E+13;2,77675E+13;3,08726E+13;3,15527E+13;3,14354E+13;3,13388E+13;3,25108E+13;3,35666E+13;3,33545E+13;3,4636E+13;3,88941E+13;4,38048E+13;4,74289E+13;5,13632E+13;5,7859E+13;6,34618E+13;6,01683E+13;6,59545E+13;7,32799E+13;7,48899E+13;7,69909E+13;7,90492E+13;7,47577E+13;7,58451E+13
Samoa;WSM;125766270;125597205;132303041;133122897;221098107;224865731;249908971;285475592;269481523;258833767;269019710;273088357;288078881;338838639;420320176;462649043;508503671;550970656;644132489;560959528;643046733;739785122;801168622;804808526;803589512;803985809;786356315
Kosovo;XKX;;;;;;;;;;;1849196082;2535333632;2702427047;3355083117;3639935348;3736599925;4078158324;4833561456;5687488209;5653792720;5829933775;6649291076;6473724785;7072092406;7386891336;6440501275;6649888889
Yemen, Rep.;YEM;5647251908;5930370370;6463649985;5368270615;4167356037;4258788725;5785685311;6839039030;6325219773;7641101221;9636342275;9854042165;10693278292;11777768087;13873500888;16753769532;19081722875;21656517484;26910851362;25130274124;30906749533;32726417878;35393148127;40415233436;43228583935;37733919936;27317605346
South Africa;ZAF;1,15553E+11;1,23943E+11;1,34545E+11;1,3431E+11;1,39752E+11;1,5546E+11;1,47608E+11;1,52586E+11;1,37774E+11;1,36632E+11;1,36362E+11;1,21601E+11;1,15748E+11;1,75257E+11;2,28937E+11;2,57671E+11;2,71811E+11;2,99034E+11;2,871E+11;2,97217E+11;3,75298E+11;4,16878E+11;3,96333E+11;3,6681E+11;3,51119E+11;3,17611E+11;2,95456E+11
Zambia;ZMB;3285217391;3378882353;3181921788;3273237853;3656647744;3807067122;3597220962;4303281932;3537683046;3404311977;3600683040;4094480988;4193845678;4901839731;6221077675;8331870169;12756858899;14056957976;17910858638;15328342304;20265556274;23460098340;25503370699;28045460442;27150630607;21154394546;21063989683
Zimbabwe;ZWE;8783816700;8641481700;6751472200;6563813300;6890675000;7111270700;8553146600;8529571600;6401968200;6858013100;6689957600;6777384700;6342116400;5727591800;5805598400;5755215200;5443896500;5291950100;4415702800;8621573608;10141859710;12098450749;14242490252;15451768659;15891049236;16304667807;16619960402